RA,DEC,AKR_ID,HSC_ID,Gm,Gme,Rm,Rme,Im,Ime,Zm,Zme,Ym,Yme,N2m,N2me,N3m,N3me,N4m,N4me,S7m,S7me,S9m,S9me,S11m,S11me,L15m,L15me,L18m,L18me,L24m,L24me,sum_y,y_pred
269.4112854,65.2375336,68180,79218056139659793,22.137,0.002,21.706,0.004,21.512,0.005,21.338,0.008,21.094,0.01,19.523,0.055,18.857,0.033,18.672,0.033,,,,,,,,,,,,,21,1
269.4122314,65.2625275,11326,79218056139662237,21.63,0.001,20.983,0.002,20.952,0.003,20.811,0.004,20.766,0.006,19.439,0.065,18.956,0.041,18.842,0.033,18.932,0.122,,,18.5,0.135,,,,,,,21,1
269.566864,65.3417969,133117,79218056139672677,20.075,0.001,20.089,0.001,19.975,0.001,19.751,0.001,19.885,0.002,19.164,0.048,18.723,0.028,18.521,0.023,17.492,0.047,,,17.154,0.049,16.809,0.064,16.616,0.047,17.064,0.135,21,1
269.5017395,65.3584595,96614,79218056139674079,22.296,0.002,22.004,0.004,21.692,0.005,21.572,0.011,21.501,0.015,20.229,0.076,19.723,0.057,19.549,0.044,,,,,,,,,,,,,21,1
270.43008419999995,65.4112625,47809,79217785556716837,22.433000000000003,0.002,21.846,0.003,21.373,0.003,21.203000000000007,0.005,21.108,0.006999999999999999,20.065,0.1,19.481,0.057,19.251,0.049,18.884,0.128,17.805999999999994,0.08900000000000001,17.913,0.091,17.917,0.127,18.48,0.135,,,21,1
268.9492798,65.4111862,47684,79218197873580922,22.698,0.003,22.094,0.005,21.429,0.005,21.018,0.006999999999999999,20.796,0.01,19.813,0.073,19.872,0.054000000000000006,19.443,0.066,,,,,,,17.706,0.111,18.148,0.128,,,21,1
269.8983459,65.20917510000001,133294,79217918700702669,22.277,0.004,20.807,0.003,20.195,0.004,19.878,0.006,19.476,0.009000000000000001,18.371,0.028,17.945,0.017,17.754,0.013,17.070999999999998,0.03,16.057000000000002,0.023,16.537,0.03,16.996,0.058,16.467,0.034,16.035,0.065,11,1
269.91745,65.27327729999999,89224,79217918700711413,22.875,0.003,22.683000000000003,0.006,22.048,0.006999999999999999,21.753,0.011,21.67,0.013,20.487,0.084,19.978,0.06,20.062,0.059,,,,,,,,,,,,,12,1
269.9527588,65.3091278,40813,79217918700716885,21.278,0.001,20.863000000000003,0.001,21.053,0.002,20.731,0.004,20.602,0.004,20.335,0.084,20.022,0.062,20.014,0.065,19.223,0.138,,,18.416,0.115,,,,,,,21,1
268.4514465,65.37004089999999,67211,79218472751482888,24.073,0.009000000000000001,23.667,0.019,23.428,0.027000000000000003,23.211,0.045,22.947,0.048,20.229,0.119,19.947,0.078,19.87,0.077,,,,,,,,,,,,,21,1
268.4714966,65.44758610000001,66331,79218472751491617,23.707,0.008,23.221,0.014,22.722,0.015,22.159,0.023,21.78,0.022,20.371,0.112,20.004,0.057,20.097,0.058,,,,,,,,,,,,,11,1
268.9157715,65.3845596,47499,79218335312531158,22.963,0.005,22.529,0.01,21.809,0.008,21.368,0.013,21.16,0.016,20.411,0.101,20.136,0.067,19.887,0.055,,,,,,,17.67,0.11,18.095,0.109,,,18,1
269.91937260000003,65.3873825,48991,79217922995667659,21.207,0.001,21.169,0.001,20.999,0.002,20.995,0.005,20.873,0.006,19.919,0.079,19.443,0.052000000000000005,19.44,0.052000000000000005,18.955,0.117,17.871,0.08800000000000001,18.552,0.122,17.612000000000005,0.112,18.011,0.117,,,21,1
270.01181030000004,65.3963547,88916,79217922995670656,24.877,0.015,24.263,0.025,23.81900000000001,0.031,23.428,0.045,23.097,0.056,20.501,0.114,20.321,0.095,20.29,0.084,,,,,,,,,,,,,13,1
269.9241333,65.4094009,133303,79217922995671837,20.277,0.001,20.204,0.001,20.071,0.001,19.83,0.002,19.936,0.002,19.852,0.086,19.816,0.055,19.609,0.043,18.732,0.079,17.779,0.068,18.047,0.067,17.637,0.08800000000000001,17.295,0.078,16.555,0.109,21,1
270.1520386,65.4375,133437,79217922995675630,20.732,0.002,20.26,0.002,19.866,0.004,19.689,0.006999999999999999,19.586,0.01,19.345,0.05,19.25,0.039,19.092,0.032,17.768,0.05,16.465,0.03,16.976,0.041,16.230999999999998,0.033,15.838,0.023,15.435,0.043,21,1
269.043335,65.3605576,47230,79218193578595997,24.646,0.012,23.529,0.014,22.76,0.01,22.279,0.014,21.948,0.018000000000000002,20.623,0.103,20.093,0.06,19.831,0.051,,,,,,,,,18.496,0.127,,,20,1
269.29711910000003,65.2583084,45701,79218193578617359,20.883000000000006,0.001,20.819000000000006,0.002,20.55,0.002,20.573,0.004,20.55,0.005,19.431,0.08,19.237,0.057,18.806,0.04,18.513,0.078,17.692,0.066,17.89,0.098,17.922,0.121,17.989,0.114,,,21,1
269.376709,65.3561249,133025,79218193578626831,22.695,0.002,21.693,0.002,21.171,0.003,20.615,0.004,20.47,0.004,19.112,0.043,18.752,0.028,18.377,0.021,17.136,0.034,16.162,0.027000000000000003,16.63,0.032,16.117,0.035,16.233,0.03,15.964,0.071,17,1
270.3713379,65.32428739999999,95170,79217781261750091,25.031,0.023,24.454,0.046,23.988000000000003,0.048,23.588,0.081,23.259,0.096,20.372,0.127,20.149,0.094,20.11,0.093,,,,,,,,,,,,,13,1
270.39736939999995,65.33633420000001,94992,79217781261750130,24.022,0.011,23.241,0.013,22.497,0.013,21.787,0.017,21.514,0.02,20.279,0.107,19.921,0.075,19.619,0.073,,,,,,,,,,,,,11,1
270.61825560000005,65.300209,48537,79217781261751230,20.113,0.001,20.147,0.001,19.838,0.002,19.724,0.005,19.681,0.005,18.71,0.034,18.456,0.023,18.479,0.022,18.027,0.064,17.179000000000002,0.065,17.521,0.056,17.323,0.079,17.115,0.05,,,21,1
269.7050171,65.3912125,97050,79218060434620365,21.463,0.004,21.099,0.006,20.807,0.01,21.12,0.069,20.673,0.069,20.162,0.068,20.278,0.08,20.139,0.078,,,,,,,,,,,,,20,1
269.57547,65.3983154,68955,79218060434626378,21.849,0.002,21.46,0.002,20.998,0.004,20.693,0.006999999999999999,20.826,0.01,20.481,0.106,20.219,0.087,20.166,0.097,,,,,,,,,,,,,21,1
268.8717651,66.18209839999999,46896,79666369120988194,23.741,0.004,23.45,0.008,22.959,0.01,22.665,0.014,22.515,0.019,20.587,0.127,20.246,0.093,19.942,0.079,,,,,,,,,17.761,0.106,,,21,1
268.7194519,66.2019882,47201,79666369120988245,21.74,0.001,21.227,0.001,20.635,0.001,20.211,0.001,20.186,0.002,19.69,0.064,19.348,0.041,18.967,0.031,18.069000000000006,0.068,17.249000000000002,0.052000000000000005,17.526,0.068,17.102,0.07,17.17,0.08,,,21,1
267.7402954,65.8276138,132220,79666635408961324,22.646,0.003,21.961,0.004,21.562,0.006,21.429,0.012,21.231,0.014,19.974,0.102,19.68,0.06,19.444000000000006,0.039,18.048,0.061,17.127,0.046,17.338,0.059,17.18,0.075,17.176,0.054000000000000006,16.976,0.128,21,1
267.59414669999995,65.8833542,116685,79666635408968137,22.533,0.002,22.483,0.005,22.079,0.006999999999999999,21.855,0.013,21.638,0.011,20.063,0.07400000000000001,19.602,0.047,19.557,0.043,,,,,,,17.588,0.086,,,,,21,1
267.8520508,65.9155197,37407,79666635408971904,19.147,0.001,18.787,0.001,18.665,0.001,18.629,0.001,18.616,0.001,19.232,0.044,19.109,0.037000000000000005,18.931,0.045,,,,,,,,,17.85,0.1,,,18,1
268.9916687,65.834259,81167,79666223092100872,23.913,0.008,23.421,0.011,22.95300000000001,0.016,22.667,0.025,22.219,0.028,20.702,0.099,20.535,0.075,20.079,0.09,,,,,,,,,,,,,21,1
267.4317932,66.3560257,57459,79666785732810455,24.24,0.009000000000000001,23.894,0.021,23.111,0.02,22.879,0.026,22.544,0.031,20.05,0.08900000000000001,19.624,0.049,19.543,0.047,,,,,,,,,,,,,21,1
267.466156,66.3645325,54645,79666785732811989,22.726,0.003,21.82,0.004,21.373,0.006,21.173,0.009000000000000001,20.975,0.01,20.448,0.116,20.37,0.098,20.211,0.093,,,,,,,,,,,,,17,1
268.8249817,65.4899216,132739,79666351941123607,21.599,0.001,21.292,0.002,21.165,0.002,21.051,0.005,20.93,0.006,19.087,0.062,19.089,0.039,18.912,0.035,19.306,0.154,17.879,0.105,,,17.035999999999998,0.078,16.986,0.068,17.69,0.17,21,1
267.8947754,66.3127594,118841,79666648293853048,20.467,0.001,20.445,0.001,20.223,0.001,19.964,0.001,20.021,0.002,19.556,0.08199999999999999,19.847,0.075,19.072,0.06,18.017,0.1,,,17.375,0.098,17.294,0.095,,,,,21,1
267.7487793,66.34420779999999,55158,79666648293857889,21.592,0.001,21.058000000000003,0.001,20.686,0.002,20.574,0.003,20.49,0.004,20.132,0.096,19.954,0.084,19.905,0.08,,,,,,,,,,,,,21,1
267.6306763,66.3589096,56381,79666648293858785,23.108,0.004,22.29300000000001,0.005,22.004,0.008,21.949,0.015,21.756,0.022,19.656,0.085,19.308,0.057,19.177,0.055,,,,,,,,,,,,,21,1
267.7919617,66.4005127,132253,79666648293863475,19.362,0.001,19.057,0.001,19.069000000000006,0.001,19.063,0.001,18.916,0.001,18.696,0.035,18.485,0.026,18.667,0.028,18.07,0.061,16.689,0.038,16.996,0.048,16.567999999999998,0.049,16.644000000000002,0.054000000000000006,17.163,0.094,18,1
267.767395,66.1135941,37303,79666643998886903,23.59800000000001,0.004,22.266,0.004,21.407,0.003,21.05,0.004,20.771,0.004,19.728,0.059,19.103,0.036000000000000004,18.704,0.027000000000000003,18.312,0.068,17.528,0.059,18.015,0.069,17.363,0.097,17.747,0.075,,,21,1
267.7586975,66.2397537,132229,79666643998899608,21.589,0.001,21.171,0.001,20.672,0.002,20.5,0.003,20.345,0.003,19.235,0.049,19.049,0.042,18.982,0.037000000000000005,19.197,0.125,18.363,0.121,18.135,0.112,17.789,0.12,17.908,0.101,17.064,0.123,21,1
267.7720947,66.2324371,37280,79666643998899612,22.502,0.002,22.284,0.003,21.84,0.004,21.799,0.006999999999999999,21.785,0.01,20.545,0.11,20.217,0.086,19.912,0.059,,,,,,,,,17.584,0.07200000000000001,,,21,1
267.6228027,66.2488632,56251,79666643998902543,23.814,0.009000000000000001,23.432,0.016,22.996,0.021,22.467,0.028,22.226,0.031,20.719,0.136,20.189,0.065,20.153,0.061,,,,,,,,,,,,,21,1
268.2198792,65.48223109999999,51954,79666489380075041,22.814,0.004,22.334,0.009000000000000001,21.546,0.005,21.029,0.008,20.811,0.01,19.531,0.071,19.363,0.044,19.317,0.056,,,,,,,,,,,,,21,1
268.0236206,66.8551178,36507,79666661178749725,23.53,0.005,22.849,0.006999999999999999,22.273000000000003,0.01,21.77,0.011,21.574,0.014,19.83,0.084,19.186,0.047,19.117,0.053,,,,,,,17.295,0.096,17.426,0.08900000000000001,,,19,1
267.6616211,66.90205379999999,11542,79666661178754594,21.036,0.001,20.533,0.001,20.358,0.002,20.316,0.002,20.279,0.003,20.334,0.111,19.892,0.079,19.906,0.093,,,,,,,,,,,,,19,1
267.1669922,66.5629196,132010,79666790027780910,23.497,0.004,22.18,0.004,21.141,0.003,20.621,0.003,20.376,0.004,18.881,0.036000000000000004,18.595,0.025,18.35,0.02,17.33,0.037000000000000005,16.084,0.026,16.652,0.036000000000000004,16.742,0.058,16.43,0.036000000000000004,16.205,0.094,21,1
267.2631836,66.6524353,15459,79666790027790254,22.85,0.005,22.382,0.006999999999999999,21.592,0.009000000000000001,21.286,0.013,21.146,0.02,19.907,0.071,19.571,0.048,19.53,0.048,,,,,,,,,,,,,18,1
267.3282471,66.6530762,57250,79666790027790882,23.609,0.006999999999999999,23.122,0.011,22.69400000000001,0.017,22.396,0.023,21.894,0.024,20.753,0.091,20.161,0.061,19.908,0.054000000000000006,,,,,,,,,,,,,21,1
267.4164124,66.6568069,57443,79666790027790893,23.175,0.006,22.556,0.008,22.0,0.012,21.45,0.013,21.265,0.016,20.276,0.105,20.437,0.086,20.019,0.08900000000000001,,,,,,,,,,,,,15,1
268.68164060000004,65.6561432,97339,79666356236063068,22.045,0.001,22.058000000000003,0.003,21.724,0.004,21.478,0.006999999999999999,21.251,0.006999999999999999,20.533,0.126,20.046,0.069,20.108,0.064,,,,,,,,,,,,,21,1
268.6583862,65.56812289999999,46991,79666356236080982,23.122,0.002,22.519,0.005,21.997,0.004,21.827,0.008,21.752,0.01,19.769,0.075,19.418,0.059,19.428,0.055,19.018,0.136,17.882,0.107,18.392,0.133,,,18.02,0.111,,,13,1
268.8065796,65.56987,132732,79666356236081311,22.334,0.002,21.76,0.003,21.483,0.005,21.289,0.009000000000000001,21.228,0.012,19.767,0.08800000000000001,19.302,0.046,19.155,0.043,,,,,,,,,17.874000000000006,0.104,17.507,0.11,21,1
268.826355,65.6007919,75473,79666356236085131,22.215,0.002,21.432,0.003,21.194000000000006,0.005,21.089,0.009000000000000001,20.742,0.011,19.43,0.052000000000000005,18.915,0.032,18.615,0.029,,,,,,,,,,,,,21,1
268.5510864,65.6282959,36215,79666356236089271,24.257,0.01,22.913,0.008,21.616,0.005,21.198,0.008,20.921,0.009000000000000001,19.373,0.05,19.079,0.035,18.936,0.033,,,,,,,,,17.906,0.115,,,15,1
268.51205439999995,65.7270813,36061,79666356236100669,24.641,0.01,23.175,0.006999999999999999,22.083,0.005,21.644,0.006999999999999999,21.357,0.006999999999999999,19.746,0.068,19.165,0.044,18.983,0.031,18.035,0.079,17.313,0.07,18.191,0.085,17.262,0.097,17.394000000000002,0.087,,,14,1
269.0991211,66.5643311,70234,79666240271970382,23.188,0.002,22.874,0.005,22.449,0.006999999999999999,22.192,0.01,21.739,0.011,20.119,0.075,19.663,0.049,19.758,0.05,,,,,,,,,,,,,19,1
269.0636292,66.6393738,47255,79666240271977804,21.421,0.001,21.663,0.001,21.013,0.002,20.949,0.003,20.942,0.004,19.23,0.045,19.256,0.039,19.488,0.041,18.445,0.099,17.947,0.08800000000000001,18.13,0.07400000000000001,17.428,0.094,17.507,0.093,,,17,1
269.0279846,66.1086502,47330,79666231682022577,23.734,0.006999999999999999,23.12,0.011,22.351,0.008,21.882,0.011,21.726,0.015,20.377,0.08,19.597,0.056,19.432,0.057,,,,,,,17.733,0.115,17.742,0.078,,,19,1
268.9782715,66.14852909999999,70387,79666231682022771,27.586,0.165,25.544,0.06,24.347,0.047,23.463,0.039,23.176,0.043,20.435,0.126,20.042,0.087,19.904,0.066,,,,,,,,,,,,,13,1
269.0669861,66.2096252,60517,79666231682039012,22.254,0.001,21.917,0.002,21.816,0.003,21.736,0.005,21.528,0.006999999999999999,20.031,0.093,19.565,0.063,19.279,0.049,19.292,0.14400000000000002,,,,,,,,,,,21,1
269.1083679,65.5699921,79011,79666218797123150,23.062,0.003,22.496,0.004,22.236,0.006,21.988000000000003,0.01,21.93,0.013,19.786,0.068,19.24,0.038,18.984,0.031,,,,,,,,,,,,,21,1
268.9642639,65.6224289,79538,79666218797129619,24.002,0.011,23.31900000000001,0.012,22.715,0.017,22.064,0.021,21.741,0.021,19.901,0.097,19.464,0.06,19.406,0.061,,,,,,,,,,,,,11,1
269.0290222,65.650032,80798,79666218797132927,23.193,0.006,22.733,0.006999999999999999,22.236,0.01,21.991,0.02,21.751,0.023,20.385,0.115,19.913,0.08,19.776,0.079,,,,,,,,,,,,,21,1
268.3193665,65.9479904,67974,79666502264968495,22.804,0.002,22.339,0.004,22.205,0.006,21.841,0.01,21.596,0.011,20.357,0.104,19.747,0.07,19.806,0.06,,,,,,,,,,,,,11,1
268.15026859999995,66.2995071,132405,79666510854896004,21.836,0.001,21.405,0.001,21.136,0.002,21.208,0.004,21.217,0.005,19.929,0.065,19.575,0.044,19.386,0.038,19.167,0.132,18.246,0.095,,,,,17.869,0.115,17.475,0.181,21,1
268.3125,66.3781662,132485,79666510854901153,22.778,0.002,22.421,0.003,21.679,0.004,21.162,0.004,21.009,0.005,19.537,0.054000000000000006,19.128,0.034,19.12,0.033,18.845,0.117,17.207,0.071,17.418,0.081,17.024,0.084,16.624000000000002,0.061,16.955,0.126,20,1
267.0740967,66.43206020000001,15083,79666923171758271,24.164,0.023,23.488000000000003,0.034,22.864,0.035,22.466,0.05,22.07800000000001,0.059,20.304,0.103,19.673,0.059,19.622,0.051,,,,,,,,,,,,,11,1
267.35098270000003,66.6997757,116656,79666794322741780,23.587,0.005,23.016,0.009000000000000001,22.443,0.011,21.823,0.011,21.586,0.013,20.34,0.104,20.13,0.061,19.896,0.055,,,,,,,18.269,0.093,,,,,21,1
267.4351196,66.75406650000001,132088,79666794322747975,20.709,0.001,20.542,0.001,20.232,0.001,19.824,0.002,20.048,0.002,19.192,0.047,19.153,0.035,18.869,0.028,17.986,0.075,17.218,0.051,17.802,0.064,17.829,0.083,17.72,0.087,17.313,0.13699999999999998,21,1
267.41732790000003,66.80668639999999,36817,79666794322752807,21.523000000000003,0.001,21.092,0.002,20.59,0.002,20.334,0.002,20.178,0.003,19.547,0.064,19.521,0.052000000000000005,19.395,0.043,18.119,0.09,17.622,0.075,18.044,0.094,17.624000000000006,0.091,17.459,0.085,,,21,1
267.1919556,66.8395615,57178,79666794322756357,22.065,0.002,21.199,0.002,20.802,0.004,20.522,0.006,20.461,0.009000000000000001,20.397,0.111,20.235,0.08900000000000001,20.112,0.083,,,,,,,,,,,,,20,1
268.5433655,66.7966156,36035,79666382005897745,21.607,0.001,21.504,0.001,21.279,0.003,21.373,0.005,21.213,0.006999999999999999,20.43,0.091,19.903,0.056,19.486,0.041,18.842,0.119,18.094,0.107,18.643,0.132,,,17.883,0.106,,,21,1
268.2752991,66.6120529,35698,79666515149881522,22.513,0.002,22.166,0.004,21.766,0.006999999999999999,21.375,0.008,21.245,0.012,19.859,0.096,19.855,0.07200000000000001,19.572,0.056,,,,,,,17.128,0.079,17.235,0.064,,,21,1
267.46691890000005,66.2023392,54750,79666781437835639,25.206,0.037000000000000005,23.807,0.021,22.759,0.027000000000000003,22.21,0.032,21.717,0.032,19.881,0.061,19.226,0.039,18.88,0.046,,,,,,,,,,,,,21,1
267.2306519,66.18544010000001,34162,79666781437838850,24.497,0.037000000000000005,23.921,0.024,23.379,0.07400000000000001,22.843000000000004,0.083,22.581,0.083,20.217,0.085,19.665,0.05,19.571,0.045,,,,,,,,,18.205,0.141,,,19,1
267.3229675,66.189476,34125,79666781437838985,21.016,0.001,20.66,0.001,20.65,0.005,20.574,0.006,20.363,0.006999999999999999,19.447,0.051,19.292,0.038,19.114,0.034,18.185,0.073,17.512,0.069,18.38,0.122,17.409000000000002,0.094,17.292,0.071,,,21,1
267.39086910000003,66.22468570000001,51600,79666781437842530,21.91,0.002,21.772,0.004,21.611,0.006999999999999999,21.452,0.011,21.405,0.018000000000000002,20.301,0.097,19.993,0.06,19.805,0.057,,,,,,,,,,,,,21,1
267.2547607,66.2835922,34200,79666781437843795,20.441,0.001,20.152,0.001,19.787,0.001,19.646,0.002,19.621,0.002,19.109,0.046,18.873,0.033,18.511,0.022,17.739,0.048,16.879,0.045,17.512,0.056,17.503,0.091,17.509,0.083,,,21,1
267.4241943,66.2848053,36810,79666781437848971,23.274,0.005,21.859,0.004,21.245,0.005,20.821,0.006,20.648000000000003,0.008,19.719,0.057,19.425,0.041,19.189,0.035,19.179,0.139,17.574,0.093,17.619,0.087,,,18.461,0.129,,,19,1
267.63241580000005,66.6902466,57082,79666656883787535,22.191,0.002,21.218000000000004,0.002,20.861,0.004,20.693,0.006999999999999999,20.39,0.008,20.549,0.11,20.588,0.112,20.102,0.07400000000000001,,,,,,,,,,,,,13,1
267.9672546,66.8250732,132332,79666656883802041,19.98,0.001,19.904,0.001,19.764,0.001,19.718,0.001,19.582,0.002,19.715,0.057,19.805,0.052000000000000005,19.563,0.044,18.439,0.07,17.375999999999998,0.053,17.648,0.06,17.009,0.059,17.127,0.063,16.699,0.09,21,1
267.92929080000005,66.8096924,37079,79666656883803007,21.838,0.001,21.786,0.003,21.14,0.003,20.74,0.004,20.616,0.005,19.227,0.046,18.884,0.032,19.06,0.033,,,,,,,18.359,0.146,17.309,0.084,,,21,1
268.3579102,65.7420731,74245,79666497969999401,24.037,0.009000000000000001,23.152,0.01,22.781,0.014,22.616,0.026,22.465,0.031,20.846,0.14400000000000002,20.61,0.104,20.153,0.08,,,,,,,,,,,,,21,1
268.10470580000003,65.76215359999999,35776,79666497970001630,22.015,0.002,21.571,0.003,21.213,0.004,20.971,0.008,20.826,0.009000000000000001,19.817,0.075,19.716,0.056,19.822,0.056,,,,,18.519,0.13,,,17.562,0.098,,,20,1
268.0313721,65.7959137,35829,79666497970006013,22.423,0.004,21.92,0.004,21.122,0.006,20.444000000000006,0.006999999999999999,20.09,0.006999999999999999,19.393,0.061,19.292,0.039,19.236,0.044,,,,,,,17.671,0.103,17.935,0.102,,,20,1
268.2840576,65.8100128,72615,79666497970007466,23.115,0.005,22.702,0.008,22.164,0.01,21.715,0.015,21.551,0.017,20.012,0.096,19.576,0.068,19.341,0.067,,,,,,,,,,,,,21,1
268.4571838,65.87722020000001,66885,79666497970013987,21.607,0.002,21.547,0.003,21.286,0.006,21.185,0.012,21.158,0.017,19.952,0.067,20.146,0.08,20.245,0.094,,,,,,,,,,,,,12,1
268.3283997,65.896553,73157,79666497970016630,22.322,0.004,21.647,0.005,21.519,0.009000000000000001,21.25,0.013,20.767,0.013,19.99,0.085,19.724,0.049,19.531,0.044,,,,,,,,,,,,,21,1
267.6463623,65.6186447,132185,79666631113984604,20.009,0.001,19.952,0.001,19.657,0.001,19.405,0.002,19.216,0.002,19.332,0.047,19.213,0.036000000000000004,19.097,0.04,18.241,0.078,16.816,0.061,17.319000000000006,0.065,17.4,0.08900000000000001,17.117,0.07200000000000001,16.788,0.131,21,1
267.9830017,65.61409,4077,79666631113988240,22.746,0.014,22.094,0.02,21.542,0.025,21.023000000000003,0.038,20.854,0.034,20.64,0.128,20.217,0.068,20.059,0.058,,,,,,,,,,,,,16,1
267.6834717,65.673317,39657,79666631113995648,22.251,0.003,21.389,0.002,21.073,0.004,20.784,0.006,20.691,0.008,19.881,0.063,19.691,0.05,19.632,0.059,,,,,18.638,0.145,,,,,,,18,1
267.8453369,66.4824677,37427,79666652588819727,23.832,0.009000000000000001,23.321,0.012,22.755,0.018000000000000002,22.316,0.025,21.837,0.025,19.955,0.08,19.46,0.044,19.4,0.042,,,,,,,,,17.146,0.07,,,21,1
267.7095947,66.5202179,54226,79666652588824439,24.291,0.009000000000000001,23.585,0.013,22.987,0.017,22.751,0.024,22.61,0.035,19.9,0.09,19.666,0.057,19.385,0.047,,,,,,,,,,,,,20,1
267.7556763,66.5514832,15505,79666652588827600,22.833,0.005,22.243,0.006,21.399,0.006,20.96,0.009000000000000001,20.852,0.013,19.784,0.077,19.697,0.07,19.473,0.065,,,,,,,,,,,,,13,1
267.5734863,66.62543489999999,12125,79666652588836773,24.211,0.01,22.884,0.008,21.742,0.006999999999999999,21.273000000000003,0.008,20.996,0.01,19.874,0.08199999999999999,19.586,0.053,19.373,0.063,,,,,,,,,,,,,21,1
268.0197449,66.641922,37180,79666652588838504,20.27,0.001,20.478,0.001,20.057,0.001,20.153,0.002,20.198,0.004,19.772,0.069,19.582,0.045,19.119,0.033,18.227,0.067,17.413,0.069,18.162,0.101,18.07,0.126,17.62,0.092,,,21,1
268.04727169999995,65.6535645,53108,79666493675042461,23.642,0.006999999999999999,23.181,0.01,22.911,0.016,22.443,0.021,22.131,0.023,20.358,0.118,19.769,0.08,19.845,0.079,,,,,,,,,,,,,12,1
268.0903015,65.7007904,35775,79666493675047225,24.764,0.011,23.134,0.008,22.442,0.008,21.994,0.011,21.766,0.01,19.376,0.052000000000000005,18.965,0.033,18.769,0.028,18.132,0.099,17.292,0.071,18.51,0.145,17.127,0.083,17.803,0.103,,,11,1
268.24264530000005,66.8782196,54776,79666523739800309,22.65,0.003,21.734,0.003,21.444000000000006,0.006,21.139,0.008,21.137,0.014,20.178,0.093,20.154,0.079,19.739,0.063,,,,,,,,,,,,,21,1
268.255188,66.9288177,35536,79666523739805910,20.44,0.001,20.508000000000006,0.001,20.005,0.002,19.826,0.002,19.595,0.003,18.556,0.028,18.403,0.022,18.537,0.022,18.51,0.07400000000000001,17.359,0.054000000000000006,17.906,0.08,17.375,0.094,17.515,0.081,,,21,1
268.3668518,66.1907806,128859,79666506559941223,23.179,0.003,22.465,0.004,21.666,0.004,21.389,0.006,21.201,0.006,19.854,0.083,19.721,0.06,19.22,0.057,,,18.07,0.122,,,,,,,,,18,1
267.5352783,65.97648620000001,36932,79666777142865089,21.335,0.001,21.123,0.001,20.748,0.002,20.688,0.005,20.638,0.005,19.896,0.084,19.927,0.065,19.65,0.051,18.826,0.085,17.742,0.085,17.927,0.091,18.188,0.101,17.924,0.078,,,21,1
267.5141907,66.0385437,132136,79666777142869462,22.253,0.002,21.388,0.002,20.908,0.003,20.497,0.004,20.252,0.004,18.892,0.035,18.388,0.021,18.138,0.017,17.559,0.05,16.575,0.035,17.168,0.044,16.675,0.046,16.651,0.046,16.275,0.09,21,1
267.4192505,66.04690550000001,57604,79666777142869989,23.81900000000001,0.035,23.246,0.023,22.341,0.045,22.015,0.069,21.565,0.061,19.526,0.07,19.106,0.042,18.869,0.036000000000000004,,,,,,,,,,,,,19,1
268.8615417,66.3248901,46855,79666373415949136,21.336,0.001,20.819000000000006,0.001,20.742,0.001,20.465,0.002,20.188,0.002,20.002,0.075,19.789,0.05,19.499,0.042,18.616,0.093,17.359,0.07200000000000001,17.559,0.08,17.829,0.104,18.118,0.106,,,21,1
268.9353943,66.3761597,132791,79666373415954074,20.715,0.001,20.715,0.001,20.501,0.001,20.515,0.002,20.507,0.003,20.05,0.092,19.59,0.056,19.09,0.035,18.724,0.08800000000000001,17.645,0.065,17.824,0.098,17.581,0.102,17.262999999999998,0.065,17.277,0.153,21,1
268.8216248,66.39244839999999,70689,79666373415955622,23.317,0.004,22.691,0.006,21.904,0.006999999999999999,21.451,0.008,21.308000000000003,0.011,19.952,0.08900000000000001,19.571,0.058,19.436,0.046,,,,,,,,,,,,,14,1
268.8715515,66.4582596,73756,79666373415958813,24.747,0.014,23.222,0.011,22.666,0.012,22.305,0.016,22.011,0.019,19.882,0.083,19.884,0.056,19.173,0.058,,,,,,,,,,,,,14,1
269.0176392,66.7864227,68320,79666244566943208,21.533,0.001,21.123,0.001,20.964,0.002,20.772,0.003,20.719,0.005,19.283,0.057,19.078,0.037000000000000005,18.993,0.038,,,,,,,,,,,,,21,1
268.571228,66.8894882,128844,79666386300845349,22.235,0.001,22.334,0.003,21.605,0.004,21.588,0.006,21.459,0.009000000000000001,19.504,0.071,19.515,0.049,19.371,0.041,,,17.586,0.1,,,,,,,,,21,1
268.8318787,66.8679504,71366,79666386300850569,23.438,0.004,22.847,0.005,22.245,0.008,21.731,0.006999999999999999,21.554,0.011,20.39,0.111,19.792,0.055,19.568,0.06,,,,,,,,,,,,,21,1
267.2011719,66.85314179999999,33998,79666798617705493,20.629,0.001,20.473,0.001,20.268,0.002,20.004,0.002,19.973,0.003,19.421,0.05,19.415,0.041,19.221,0.036000000000000004,18.769,0.102,17.489,0.062,18.28,0.12,17.692,0.105,17.36,0.09,,,21,1
267.4906311,66.8665085,36992,79666798617706154,20.676,0.001,20.06,0.001,19.932,0.001,19.895,0.001,19.924,0.002,19.632,0.055,19.331,0.039,18.951,0.029,18.224,0.062,17.473,0.055,17.828,0.066,17.477999999999998,0.079,17.868,0.099,,,21,1
267.45816040000005,66.8607712,54051,79666798617707344,22.128,0.002,21.835,0.003,21.187,0.004,20.977,0.005,20.794,0.006999999999999999,19.658,0.07,19.601,0.054000000000000006,19.786,0.07200000000000001,,,,,,,,,,,,,14,1
267.1372986,66.8624878,34063,79666798617707374,21.18,0.001,21.393,0.002,21.048,0.003,20.961,0.006,20.716,0.006,19.612,0.076,19.602,0.055,19.046,0.041,18.608,0.099,17.539,0.066,18.026,0.105,,,17.834,0.099,,,21,1
268.6393127,65.91941829999999,38649,79666364826010022,23.686,0.006999999999999999,22.624,0.006,21.656,0.005,21.124,0.006999999999999999,20.875,0.008,19.47,0.06,19.294,0.038,18.938,0.03,18.125,0.07,17.586,0.07,17.449,0.06,,,,,,,14,1
268.1152649,66.6895142,38952,79666519444834021,21.456,0.001,20.945,0.001,20.835,0.002,20.927,0.004,20.855,0.006,19.822,0.065,19.562,0.049,19.337,0.04,18.895,0.119,17.598,0.093,17.417,0.079,,,,,,,21,1
266.90866090000003,66.5319748,59864,79666927466728006,21.765,0.001,21.512,0.003,21.359,0.005,20.991,0.006,20.753,0.006999999999999999,19.609,0.064,19.21,0.036000000000000004,19.307,0.04,18.845,0.13,,,,,,,,,,,19,1
266.9507141,66.546524,58550,79666927466730822,22.211,0.002,21.67,0.005,21.222,0.005,20.806,0.006,20.79,0.008,19.751,0.067,19.387,0.042,19.38,0.037000000000000005,18.642,0.117,,,,,,,,,,,19,1
266.98138430000006,66.5647583,131955,79666927466732342,19.973,0.001,19.538,0.001,19.557,0.001,19.563,0.001,19.456,0.002,19.47,0.054000000000000006,19.457,0.04,19.262,0.035,18.09,0.059,17.049,0.055,16.954,0.053,,,,,16.910999999999998,0.085,21,1
267.4860535,65.8578644,132118,79666772847901525,21.428,0.001,20.686,0.001,20.164,0.002,19.896,0.003,19.356,0.003,18.225,0.023,17.854,0.015,17.762,0.014,17.279,0.041,16.125999999999998,0.029,16.625,0.033,16.631,0.049,16.558,0.036000000000000004,15.966,0.054000000000000006,19,1
267.549408,65.8570175,132146,79666772847902567,21.905,0.002,21.325,0.002,20.915,0.003,20.813,0.005,20.676,0.006,19.558,0.051,19.067,0.033,18.627,0.024,16.595,0.023,15.057,0.012,15.156,0.011,15.529000000000002,0.021,15.781,0.021,14.755999999999998,0.027000000000000003,21,1
272.4045105,66.10153960000001,45324,79670767167496946,23.461,0.005,22.833,0.006,22.301,0.006999999999999999,21.786,0.008,21.59800000000001,0.013,20.146,0.097,19.806,0.065,19.821,0.073,,,,,,,18.2,0.115,18.259,0.134,,,11,1
272.342865,66.158165,40334,79670767167500875,21.691,0.001,21.259,0.001,21.212,0.003,21.014,0.003,20.72,0.005,19.529,0.067,19.407,0.048,19.169,0.039,18.708,0.124,18.25,0.101,18.507,0.136,,,,,,,21,1
271.5376587,65.84941859999999,41846,79671033455466978,24.32,0.013,23.004,0.008,22.228,0.01,21.73,0.013,21.608,0.018000000000000002,19.875,0.085,19.737,0.07400000000000001,19.546,0.076,,,,,,,,,17.576,0.103,,,14,1
270.92233280000005,65.6882629,125506,79671166599442671,21.126,0.001,21.005,0.001,20.728,0.001,20.414,0.002,20.501,0.003,20.336,0.103,20.256,0.08199999999999999,19.925,0.075,,,,,,,,,,,,,21,1
270.7514343,65.70501709999999,48480,79671166599442744,20.716,0.001,20.551,0.001,20.153,0.002,20.06,0.003,19.984,0.004,19.868,0.083,19.482,0.052000000000000005,19.349,0.044,,,,,,,,,17.824,0.111,,,21,1
272.5057983,65.7349777,76772,79670621138602332,21.568,0.002,21.063,0.003,20.73,0.004,20.588,0.008,20.585,0.011,20.157,0.076,19.84,0.078,19.931,0.083,,,,,,,,,,,,,14,1
270.7382202,66.3803177,101386,79671183779316510,20.916,0.001,20.547,0.001,20.259,0.002,20.118,0.004,19.975,0.005,19.721,0.083,19.689,0.056,19.547,0.056,,,,,,,,,,,,,21,1
270.95941160000007,66.3005753,125313,79671183779322087,23.774,0.006,22.869,0.005,21.948,0.005,21.584,0.009000000000000001,21.368,0.01,20.372,0.107,20.362,0.084,19.671,0.042,,,,,,,,,,,,,11,1
270.7242737,66.46444699999999,101596,79671183779339603,23.169,0.003,22.801,0.005,22.252,0.005,22.09,0.01,21.761,0.011,19.882,0.064,19.816,0.057,19.58,0.05,,,,,,,,,,,,,21,1
269.9724731,66.8721695,88857,79671471542126868,25.144,0.017,23.781,0.014,22.798,0.01,22.11,0.011,21.875,0.014,20.092,0.1,19.892,0.07200000000000001,19.667,0.069,,,,,,,,,,,,,14,1
269.89102169999995,66.916069,48792,79671471542132633,22.814,0.002,22.449,0.004,21.886,0.005,21.695,0.008,21.461,0.009000000000000001,20.132,0.102,19.757,0.062,19.436,0.042,,,18.089,0.117,,,,,18.3,0.119,,,21,1
269.9615479,66.9063568,116079,79671471542133806,22.385,0.002,21.57,0.002,21.198,0.003,21.043000000000006,0.005,20.829,0.006999999999999999,19.96,0.09,19.229,0.059,18.94,0.042,,,17.743,0.093,,,,,,,,,21,1
269.25985719999994,65.9621506,130364,79671724945203922,22.138,0.001,21.218000000000004,0.001,21.109,0.002,20.988000000000003,0.003,20.905,0.004,19.714,0.064,19.429,0.044,19.237,0.036000000000000004,18.853,0.115,17.704,0.087,18.64,0.102,18.074,0.141,,,,,21,1
269.1145935,66.0101166,71237,79671724945208253,24.26,0.008,23.716,0.013,23.085,0.015,22.772,0.024,22.56900000000001,0.028,20.311,0.105,20.276,0.067,19.843,0.064,,,,,,,,,,,,,21,1
269.1510315,66.5158691,81785,79671737830097580,20.162,0.001,19.591,0.001,19.356,0.001,19.272,0.001,19.221,0.001,19.488,0.055,19.343,0.066,19.232,0.062,,,,,,,,,,,,,18,1
269.2400208,66.5398483,46094,79671737830109481,22.826,0.004,22.326,0.005,21.729,0.006999999999999999,21.211,0.006999999999999999,20.924,0.009000000000000001,19.761,0.06,19.311,0.039,19.345,0.038,,,,,,,18.095,0.126,17.783,0.106,,,17,1
271.3749084,66.3032455,134104,79671046340362881,22.711,0.003,21.328000000000007,0.002,20.439,0.002,19.845,0.003,19.548,0.004,18.17,0.023,17.53,0.013,17.247,0.01,16.642,0.023,15.499,0.016,15.717,0.016,16.107,0.032,15.938,0.025,15.384,0.045,21,1
271.1889648,66.44106289999999,128114,79671046340380151,23.652,0.005,23.099,0.006999999999999999,22.102,0.006999999999999999,21.81,0.01,21.475,0.013,19.115,0.04,18.897,0.03,18.701,0.04,,,,,,,,,,,,,12,1
271.4091492,66.15753939999999,101862,79671042045396342,24.364,0.016,23.273000000000003,0.011,22.36,0.011,21.727,0.012,21.572,0.016,20.444000000000006,0.104,19.934,0.068,19.568,0.068,,,,,,,,,,,,,21,1
271.35144039999994,66.1597137,103139,79671042045404177,22.029,0.001,21.97300000000001,0.002,21.849,0.004,21.501,0.004,21.243,0.006,20.565,0.117,20.397,0.084,20.079,0.07,,,,,,,,,,,,,21,1
271.3808899,66.2690659,42068,79671042045408456,21.573,0.001,21.248,0.001,21.109,0.002,21.07,0.003,20.912,0.005,19.761,0.058,19.334,0.039,19.0,0.03,18.965,0.12,17.608,0.096,18.43,0.123,18.228,0.125,18.023,0.103,,,21,1
269.1944885,66.8115616,79964,79671742125080681,24.022,0.005,23.531,0.009000000000000001,22.905,0.01,22.644,0.015,22.277,0.015,20.509,0.12,20.154,0.084,19.501,0.064,,,,,,,,,,,,,21,1
269.6947937,66.1674194,116125,79671591801213420,22.014,0.001,21.437,0.001,21.406,0.002,21.348000000000006,0.003,21.399,0.005,20.323,0.097,19.966,0.066,19.75,0.047,18.981,0.118,18.111,0.084,,,,,,,,,21,1
269.3948364,66.1843033,133037,79671591801219378,19.061,0.001,18.764,0.001,18.695,0.001,18.512,0.001,18.39,0.001,17.722,0.017,17.804000000000006,0.016,17.789,0.014,16.898,0.028,15.827,0.019,16.185,0.023,15.856,0.026,15.841,0.023,15.755999999999998,0.059,18,1
269.1747131,65.4786453,45957,79671712060307538,25.683000000000003,0.031,24.149,0.026,22.945,0.015,22.361,0.017,21.941,0.019,20.32,0.102,20.006,0.059,19.855,0.062,,,,,,,17.835,0.1,18.088,0.113,,,13,1
269.9965515,65.806282,133347,79671445772321326,23.669,0.008,22.443,0.006,21.355,0.004,20.76,0.005,20.437,0.006,19.029,0.043,18.469,0.025,18.27,0.019,17.597,0.045,16.663,0.037000000000000005,17.118,0.042,16.624000000000002,0.045,16.695999999999998,0.038,16.396,0.096,14,1
270.1365356,65.7872314,91338,79671445772328055,21.753,0.001,21.1,0.002,20.857,0.002,20.692,0.005,20.641,0.006,20.069000000000006,0.093,20.32,0.079,19.905,0.067,,,,,,,,,,,,,16,1
269.7884216,65.83536529999999,89150,79671445772331285,25.25800000000001,0.042,23.66,0.02,22.532,0.016,21.609,0.018000000000000002,21.247,0.02,20.03,0.1,19.782,0.057,19.572,0.068,,,,,,,,,,,,,12,1
269.85784910000007,65.8958054,85276,79671445772341833,23.467,0.003,22.895,0.005,22.267,0.005,22.014,0.008,22.018,0.013,20.424,0.115,20.085,0.091,20.099,0.093,,,,,,,,,,,,,13,1
271.79263310000005,65.501564,118420,79670887426565374,20.804,0.001,20.612,0.001,20.342,0.004,20.268,0.005,20.209,0.008,19.367,0.06,19.428,0.046,19.457,0.046,18.767,0.118,18.032,0.084,18.274,0.117,17.973,0.119,,,,,18,1
270.9158936,66.509552,65971,79671188074290678,21.17,0.001,20.848000000000006,0.001,20.306,0.001,20.028,0.002,19.681,0.002,19.615,0.054000000000000006,19.538,0.052000000000000005,19.528,0.048,,,18.345,0.104,18.839,0.13699999999999998,,,,,,,21,1
271.0983887,66.5264359,43454,79671188074292213,22.771,0.001,22.03,0.002,21.48,0.002,21.0,0.003,20.732,0.003,19.896,0.07200000000000001,19.82,0.06,19.515,0.054000000000000006,18.467,0.096,18.384,0.097,,,,,17.624000000000006,0.096,,,19,1
271.05523680000005,66.5633926,126024,79671188074295173,22.81,0.002,22.524,0.004,22.171,0.006,21.967,0.011,21.73,0.012,20.325,0.111,20.073,0.086,19.999,0.08199999999999999,,,,,,,,,,,,,21,1
271.07647710000003,66.6438522,43503,79671188074298375,21.852,0.001,21.519,0.001,21.534,0.002,21.503,0.004,21.427,0.006999999999999999,20.233,0.08800000000000001,19.898,0.069,19.407,0.044,,,,,,,,,17.861,0.112,,,21,1
270.7243347,66.5983582,113547,79671188074298450,26.024,0.026,24.529,0.022,23.576,0.015,22.798,0.016,22.495,0.019,20.63,0.123,20.388,0.078,20.19,0.071,,,,,,,,,,,,,14,1
270.80950930000006,66.5939026,123648,79671188074303467,22.071,0.001,21.585,0.001,21.082,0.002,20.969,0.003,20.891,0.004,20.301,0.09,19.765,0.063,19.459,0.047,19.274,0.16699999999999998,18.344,0.085,,,,,,,,,18,1
272.1421814,65.6570663,134574,79670754282590532,20.399,0.001,19.992,0.001,19.7,0.002,19.564,0.003,19.492,0.004,19.328,0.047,19.053,0.036000000000000004,19.144,0.044,,,,,,,,,,,17.108,0.133,18,1
272.1535034,65.6228943,45542,79670754282596848,21.467,0.001,21.548,0.002,21.126,0.003,20.889,0.004,20.801,0.008,20.097,0.103,19.637,0.058,19.16,0.041,,,17.89,0.111,18.354,0.117,17.689,0.106,17.534000000000002,0.09,,,21,1
272.3140564,65.70025629999999,75012,79670754282603171,21.422,0.001,21.162,0.001,21.082,0.002,21.104,0.004,20.888,0.006999999999999999,19.921,0.071,19.706,0.054000000000000006,19.46,0.047,,,,,,,,,,,,,21,1
272.2383423,65.7043991,75004,79670754282605144,22.867,0.005,22.178,0.006,21.934,0.01,21.377,0.013,21.2,0.018000000000000002,20.065,0.098,20.075,0.067,19.855,0.065,,,,,,,,,,,,,21,1
270.11480710000006,65.50398249999999,84624,79671437182398094,22.431,0.003,21.811,0.004,21.561,0.006999999999999999,21.553,0.015,21.294,0.015,20.038,0.066,19.977,0.056,19.775,0.059,,,,,,,,,,,,,21,1
269.9675293,65.4854126,82952,79671437182398971,21.983,0.002,21.831,0.003,21.238000000000003,0.004,20.843000000000004,0.006,20.748,0.006999999999999999,19.74,0.076,19.319000000000006,0.058,19.57,0.059,,,,,,,,,,,,,19,1
272.5738525,66.6435699,44065,79670638318487611,22.214,0.001,21.395,0.001,21.004,0.002,20.77,0.003,20.523000000000003,0.004,19.61,0.075,19.455,0.06,19.228,0.048,18.834,0.121,17.637,0.064,17.934,0.07,17.278,0.095,17.145,0.057,,,21,1
269.5099792,66.34246060000001,96627,79671596096183555,23.751,0.004,22.897,0.005,22.505,0.008,22.277,0.014,22.056,0.017,20.656,0.092,20.205,0.061,19.977,0.054000000000000006,,,,,,,,,,,,,21,1
269.41937260000003,66.4413834,46518,79671596096192468,21.825,0.001,21.634,0.002,20.903,0.002,20.659,0.002,20.337,0.002,19.079,0.04,18.991,0.032,18.98,0.031,18.63,0.098,,,,,17.358,0.084,17.634,0.075,,,18,1
272.59680180000004,66.1724777,130030,79670629728542114,21.366,0.001,21.119,0.001,20.942,0.002,20.95,0.003,20.717,0.005,19.899,0.066,19.514,0.043,19.341,0.037000000000000005,18.551,0.106,18.16,0.087,,,17.99,0.098,,,,,21,1
269.7008972,66.4772873,96131,79671600391139507,23.287,0.005,22.871,0.006999999999999999,22.191,0.009000000000000001,21.721,0.011,21.567,0.015,19.649,0.065,19.164,0.038,19.173,0.037000000000000005,,,,,,,,,,,,,20,1
269.5097046,66.4979706,96540,79671600391139833,23.093000000000004,0.002,22.625,0.004,22.29,0.005,21.792,0.006,21.554,0.008,20.266,0.102,19.889,0.056,20.085,0.06,,,,,,,,,,,,,11,1
269.6335144,66.49575039999999,116713,79671600391139841,22.456,0.001,22.06,0.002,21.729,0.003,21.554,0.004,21.276,0.006,19.687,0.065,19.322,0.04,19.12,0.038,19.0,0.12,18.972,0.172,,,,,,,,,21,1
269.4177856,66.5740051,81216,79671600391143340,23.685,0.005,23.324,0.009000000000000001,22.462,0.009000000000000001,22.146,0.014,21.932,0.019,20.248,0.118,19.815,0.077,19.625,0.069,,,,,,,,,,,,,21,1
269.3938293,66.5057373,12843,79671600391151246,23.786,0.004,23.56900000000001,0.008,22.97,0.011,22.433000000000003,0.012,22.239,0.014,20.353,0.112,19.958,0.057,19.803,0.051,19.235,0.145,17.835,0.085,17.737000000000005,0.094,,,,,,,21,1
269.50802610000005,66.5964966,38070,79671600391151931,19.936,0.001,19.939,0.001,19.792,0.001,19.643,0.001,19.541,0.001,19.327,0.045,19.013,0.031,18.742,0.026,18.551,0.078,17.461,0.068,17.883,0.09,,,,,,,21,1
269.62994380000004,66.5358963,116723,79671600391151971,21.731,0.001,21.408,0.001,21.388,0.002,21.37,0.004,21.2,0.005,20.012,0.1,19.623,0.058,19.802,0.051,,,17.909000000000006,0.119,,,,,,,,,20,1
272.2372131,66.4760971,75034,79670775757422920,23.093000000000004,0.005,22.547,0.006,21.861,0.008,21.323,0.011,21.193,0.014,20.414,0.078,20.286,0.068,19.973,0.071,,,,,,,,,,,,,21,1
272.1581726,66.53559109999999,45535,79670775757424795,22.895,0.002,22.447,0.004,21.806,0.004,21.579,0.006,21.551,0.009000000000000001,20.437,0.099,19.66,0.054000000000000006,19.701,0.068,,,,,,,16.479,0.059,16.922,0.071,,,12,1
272.31356810000005,66.56722260000001,77706,79670775757435835,24.201,0.006999999999999999,23.64,0.012,23.413,0.017,22.972,0.023,22.772,0.037000000000000005,20.203,0.091,19.915,0.085,19.89,0.075,,,,,,,,,,,,,15,1
271.8502502,65.9831696,37913,79670900311485687,21.35,0.001,20.673,0.001,20.452,0.003,20.13,0.004,20.036,0.006999999999999999,19.326,0.056,19.164,0.046,19.221,0.042,,,,,18.245,0.126,,,,,,,18,1
271.7144165,66.4463806,134299,79670908901415150,20.234,0.001,20.145,0.001,19.781,0.001,19.542,0.001,19.395,0.001,18.149,0.022,17.922,0.016,18.009,0.016,17.899,0.054000000000000006,16.847,0.042,17.659000000000006,0.063,,,,,16.609,0.105,21,1
271.72113039999994,66.3524551,107023,79670908901419770,22.691,0.003,22.166,0.003,21.454,0.005,20.947,0.006,20.814,0.008,19.62,0.073,19.691,0.057,19.439,0.056,,,,,,,,,,,,,15,1
271.6993713,66.35369870000001,124750,79670908901421211,22.435,0.002,21.704,0.002,21.395,0.004,21.106,0.006,21.097,0.009000000000000001,20.24,0.102,20.204,0.078,20.007,0.07,,,,,,,,,,,,,21,1
270.335083,66.144577,48029,79671316923301741,24.787,0.013,23.292,0.008,22.439,0.006999999999999999,21.728,0.009000000000000001,21.324,0.009000000000000001,20.005,0.086,19.635,0.049,19.524,0.054000000000000006,,,,,,,,,18.237,0.146,,,11,1
270.5163879,66.2253189,92138,79671316923317716,22.983,0.003,22.395,0.004,21.938,0.006999999999999999,21.268,0.008,21.06,0.01,20.333,0.093,20.084,0.064,19.859,0.067,,,,,,,,,,,,,21,1
270.621582,66.26396940000001,48533,79671316923318512,22.454,0.001,21.862,0.002,21.704,0.003,21.211,0.004,21.358,0.006999999999999999,19.861,0.081,19.719,0.052000000000000005,19.168,0.035,18.659,0.101,17.545,0.056,18.115,0.112,17.011,0.07,17.249000000000002,0.063,,,21,1
272.5953979,66.8550186,43742,79670646908406521,21.459,0.001,21.349,0.001,20.884,0.002,20.537,0.002,20.444000000000006,0.003,19.722,0.057,19.055,0.032,19.096,0.031,18.498,0.075,17.671,0.068,18.461,0.08800000000000001,18.288,0.103,17.52,0.086,,,16,1
272.6613464,66.887558,130013,79670646908408137,23.681,0.006,23.009,0.009000000000000001,22.554,0.01,22.073,0.015,21.69400000000001,0.015,20.362,0.086,19.901,0.056,19.365,0.046,19.062,0.139,,,,,16.637999999999998,0.07400000000000001,,,,,21,1
270.4704895,66.43843079999999,123846,79671321218271360,23.084,0.002,22.75,0.003,22.222,0.004,21.956,0.006,21.676,0.006,19.826,0.093,19.529,0.047,19.461,0.05,,,18.567,0.151,,,,,,,,,21,1
270.199646,66.3364944,92072,79671321218284077,23.62,0.004,23.048,0.006,22.286,0.006,21.913,0.008,21.651,0.01,19.925,0.103,19.876,0.08199999999999999,19.805,0.085,,,,,,,,,,,,,12,1
270.5410767,66.3819962,47862,79671321218285831,21.408,0.001,21.711,0.002,21.161,0.002,21.176,0.003,21.021,0.004,19.431,0.051,19.267,0.037000000000000005,19.078,0.033,,,18.151,0.127,,,,,18.567,0.145,,,21,1
270.87799069999994,66.6914673,125948,79671192369254248,22.535,0.006,22.128,0.008,21.619,0.01,21.332,0.019,21.083,0.024,19.871,0.08900000000000001,19.62,0.054000000000000006,19.346,0.056,,,,,,,,,,,,,21,1
271.124176,66.8394775,130207,79671192369273528,23.667,0.004,22.397,0.004,21.321,0.003,20.576,0.003,20.261,0.003,18.888,0.035,18.523,0.023,18.282,0.019,17.557000000000002,0.064,16.926,0.06,17.152,0.066,16.378,0.046,,,,,21,1
269.6135254,65.83583829999999,96551,79671583211287554,23.403,0.003,23.154,0.006999999999999999,22.937,0.01,22.718000000000004,0.018000000000000002,22.509,0.022,20.567,0.12,19.983,0.058,19.991,0.065,,,,,,,,,,,,,20,1
272.52105710000006,66.0275345,134802,79670625433579141,20.102,0.001,20.004,0.001,19.939,0.001,19.816,0.002,19.729,0.002,18.884,0.036000000000000004,18.424,0.022,18.222,0.018000000000000002,17.998,0.056,16.994,0.045,17.451,0.056,17.396,0.068,17.125,0.069,16.561,0.103,21,1
270.5356445,65.98237610000001,95967,79671312628336102,22.811,0.002,22.5,0.004,22.215,0.006,21.972,0.011,21.511,0.01,20.463,0.118,20.222,0.067,20.118,0.062,,,,,,,,,,,,,21,1
270.5976868,65.95521550000001,48513,79671312628339949,24.39,0.009000000000000001,23.034,0.008,22.18,0.006,21.535,0.006999999999999999,21.334,0.009000000000000001,19.703,0.059,19.39,0.041,19.211,0.038,,,,,,,17.383,0.068,17.937,0.085,,,14,1
270.5802917,65.9587402,127164,79671312628340109,21.688,0.001,20.846,0.001,20.519,0.001,20.317,0.002,20.137,0.003,20.214,0.07400000000000001,20.095,0.08199999999999999,20.026,0.084,,,,,,,,,,,,,12,1
270.5266418,66.0137405,95954,79671312628343662,22.131,0.001,21.756,0.002,21.562,0.002,21.538,0.004,21.453000000000007,0.006,20.14,0.107,20.092,0.083,19.73,0.061,,,,,,,,,,,,,21,1
272.1417236,66.6607819,120525,79670780052390928,23.869,0.006999999999999999,23.197,0.01,22.465,0.009000000000000001,21.837,0.01,21.479,0.012,20.559,0.1,20.499,0.085,20.117,0.062,,,,,,,,,,,,,12,1
270.89883419999995,65.4630127,43014,79671162304493856,22.485,0.004,21.581,0.004,21.203000000000007,0.006,20.719,0.008,20.74,0.012,19.518,0.061,19.199,0.047,18.958,0.04,,,17.567,0.083,18.076,0.103,17.895,0.124,17.535999999999998,0.085,,,21,1
271.8125916,66.48178100000001,33468,79670913196375645,20.947,0.001,20.527,0.001,20.379,0.001,20.369,0.002,20.343,0.002,20.054,0.08800000000000001,20.207,0.067,19.684,0.056,,,17.881,0.093,18.205,0.104,,,,,,,21,1
271.78179930000005,66.55821230000001,134337,79670913196380121,22.169,0.001,21.776,0.002,21.199,0.002,20.797,0.002,20.494,0.003,19.252,0.047,18.833,0.029,18.278,0.019,16.976,0.029,15.953,0.022,16.296,0.025,15.847,0.025,15.630999999999998,0.019,15.037,0.037000000000000005,21,1
271.9057617,66.5511169,121833,79670913196388687,23.548,0.003,22.922,0.006,22.502,0.006999999999999999,22.015,0.01,21.798,0.012,19.984,0.086,19.74,0.062,19.445,0.053,,,,,,,,,,,,,21,1
271.8040161,66.6268692,118426,79670913196397512,24.019,0.006999999999999999,23.249,0.009000000000000001,22.719,0.01,21.996,0.013,21.714,0.016,20.03,0.099,19.636,0.049,19.423,0.046,18.514,0.109,17.39,0.083,17.635,0.087,18.268,0.131,,,,,21,1
271.812561,66.65910339999999,107074,79670913196400307,22.158,0.001,21.976,0.003,21.755,0.005,21.586,0.009000000000000001,21.737,0.015,19.985,0.104,19.868,0.079,20.546,0.113,,,,,,,,,,,,,13,1
270.66540530000003,66.11459350000001,48634,79671179484348098,23.421,0.003,23.049,0.006,22.579,0.009000000000000001,22.155,0.013,21.684,0.016,20.147,0.107,19.913,0.079,19.785,0.07,,,18.064,0.114,18.885,0.15,17.715999999999994,0.107,17.503,0.067,,,21,1
271.176178,66.6798172,133977,79671054930297713,19.379,0.001,19.162,0.001,19.272,0.001,19.228,0.001,19.056,0.001,18.995,0.036000000000000004,18.538,0.023,18.534,0.022,17.459,0.042,16.831,0.039,16.969,0.043,16.487000000000002,0.04,16.627,0.036000000000000004,16.254,0.063,21,1
271.4091187,66.69920350000001,134128,79671054930298527,20.383,0.001,20.286,0.001,20.17,0.001,20.174,0.003,20.027,0.004,19.663,0.077,19.488,0.055,19.321,0.04,19.326,0.115,17.324,0.052000000000000005,17.723,0.059,16.502,0.041,16.429000000000002,0.032,15.544,0.046,21,1
271.5048828,66.7181625,129693,79671054930304630,25.826,0.027000000000000003,24.516,0.02,23.56900000000001,0.017,22.72300000000001,0.017,22.417,0.02,20.829,0.126,20.454,0.08199999999999999,20.325,0.07,,,,,,,17.727,0.086,,,,,11,1
271.451416,66.7558212,41677,79671054930308289,21.266,0.001,21.097,0.001,20.884,0.002,20.606,0.003,20.352,0.004,18.649,0.033,18.423,0.023,18.401,0.021,18.107,0.077,18.163,0.084,18.258,0.121,17.414,0.064,17.156,0.065,,,21,1
271.1904297,66.745491,130120,79671054930310475,21.656,0.001,21.488000000000003,0.001,21.07,0.002,20.667,0.003,20.692,0.004,19.254,0.06,18.975,0.044,19.503,0.053,,,,,,,17.772000000000006,0.121,,,,,11,1
271.2192688,66.759964,43192,79671054930312273,26.272,0.035,25.13,0.038,24.259,0.029,23.68,0.037000000000000005,23.332,0.042,20.265,0.121,20.057,0.068,19.844,0.07400000000000001,,,,,,,17.413,0.113,17.889,0.102,,,20,1
271.543396,66.7885666,134201,79671054930315710,23.424,0.002,21.943,0.002,21.339,0.002,20.871,0.003,20.581,0.003,19.619,0.053,19.069000000000006,0.033,18.747,0.025,17.924,0.067,17.07,0.045,17.622,0.057,17.397000000000002,0.066,16.567,0.036000000000000004,16.107,0.069,21,1
271.5789795,66.82242579999999,118810,79671054930316152,23.458,0.005,23.135,0.006999999999999999,22.674,0.01,22.107,0.014,21.947,0.019,20.247,0.104,19.887,0.07,19.782,0.066,,,,,,,17.965999999999994,0.104,,,,,21,1
271.22729489999995,66.82408910000001,130197,79671054930317601,22.606,0.001,22.393,0.003,22.074,0.003,21.887,0.006,21.743,0.008,20.357,0.112,20.06,0.085,20.085,0.086,,,,,,,17.233,0.096,,,,,21,1
272.0176392,65.7700272,100837,79670896016509204,22.18,0.002,21.457,0.002,21.294,0.003,20.976,0.004,21.06,0.008,20.538,0.086,20.575,0.093,20.355,0.076,,,,,,,,,,,,,21,1
272.0224915,65.7662277,116178,79670896016509205,22.228,0.001,21.616,0.002,21.524,0.004,21.533,0.006,21.396,0.01,19.587,0.08199999999999999,19.291,0.056,19.138,0.052000000000000005,18.82,0.123,17.976,0.104,,,,,,,,,21,1
271.6706543,65.8743896,105730,79670896016516954,22.949,0.002,22.403,0.003,21.841,0.004,21.699,0.006,21.475,0.01,20.14,0.102,19.698,0.062,19.687,0.054000000000000006,,,,,,,,,,,,,20,1
271.6750793,65.89496609999999,105642,79670896016525692,20.787,0.003,20.73,0.006,20.279,0.011,19.897,0.016,19.535,0.018000000000000002,19.878,0.091,19.723,0.071,19.367,0.064,,,,,,,,,,,,,21,1
271.4903259,65.6182022,134177,79671029160489171,23.428,0.006,22.662,0.006,22.454,0.011,22.214,0.019,22.032,0.024,20.191,0.104,19.705,0.054000000000000006,19.595,0.048,,,18.579,0.131,18.392,0.123,18.13,0.117,18.088,0.119,17.305,0.152,21,1
271.16430660000003,65.6552887,43561,79671029160505114,21.34,0.001,21.186,0.001,20.781,0.002,20.66,0.003,20.457,0.003,19.654,0.059,19.278,0.039,19.152,0.035,,,17.927,0.077,,,,,18.184,0.123,,,19,1
270.3535461,65.4548111,94413,79671299743442606,23.773000000000003,0.008,23.091,0.01,22.489,0.012,21.724,0.015,21.50800000000001,0.017,19.872,0.092,19.699,0.055,19.568,0.052000000000000005,,,,,,,,,,,,,17,1
270.4501648,65.4941559,133579,79671299743448239,21.579,0.001,21.119,0.001,20.888,0.002,20.402,0.003,20.615,0.005,19.069000000000006,0.055,19.014,0.038,18.96,0.034,18.188,0.075,16.889,0.043,17.205,0.05,18.174,0.131,17.419,0.091,16.022000000000002,0.086,20,1
270.07754520000003,66.31842040000001,40609,79671458657220752,24.082,0.004,23.214,0.006,22.695,0.006,22.089,0.006999999999999999,21.947,0.01,20.669,0.119,20.193,0.077,19.793,0.055,,,18.205,0.101,18.892,0.156,,,,,,,21,1
269.7524719,66.317337,130565,79671458657228298,21.106,0.001,20.638,0.001,20.177,0.001,19.802,0.001,19.68,0.001,19.184,0.049,18.8,0.036000000000000004,18.713,0.03,18.002,0.059,16.995,0.044,17.391,0.052000000000000005,18.201,0.115,,,,,21,1
269.5544128,66.7406693,50374,79671604686114469,20.404,0.001,20.534,0.001,20.185,0.001,19.857,0.001,20.067,0.002,19.798,0.08,19.625,0.048,19.343,0.048,18.092,0.068,,,,,,,,,,,21,1
269.6141052,66.76344300000001,96195,79671604686114516,22.588,0.001,22.534,0.004,22.263,0.005,22.201,0.008,22.075,0.01,20.671,0.135,20.211,0.066,20.021,0.065,,,,,,,,,,,,,21,1
269.5608215,66.7402344,50711,79671604686114569,24.215,0.008,22.969,0.006999999999999999,21.837,0.005,21.049,0.005,20.735,0.006,19.486,0.053,18.99,0.034,18.813,0.027000000000000003,18.222,0.07400000000000001,,,,,,,,,,,15,1
269.6340942,66.71139529999999,116714,79671604686119777,22.721,0.001,22.254,0.003,22.047,0.004,21.964,0.006999999999999999,21.834,0.009000000000000001,20.219,0.08900000000000001,19.918,0.057,19.297,0.042,,,18.41,0.132,,,,,,,,,21,1
269.2356567,66.8224716,77822,79671604686132505,24.628,0.021,23.363000000000003,0.016,22.201,0.013,21.655,0.017,21.308000000000003,0.019,20.036,0.068,19.656,0.052000000000000005,19.381,0.055,,,,,,,,,,,,,21,1
271.2809753,66.5143433,64326,79671050635334373,21.246,0.001,20.651,0.001,20.349,0.001,20.196,0.002,20.096,0.002,19.879,0.08,19.975,0.076,19.732,0.069,,,,,18.847,0.122,,,,,,,21,1
271.34390260000004,66.60039520000001,41879,79671050635335913,23.127,0.002,22.618,0.004,22.145,0.005,21.617,0.006,21.455,0.008,20.581,0.08800000000000001,20.08,0.068,19.81,0.057,,,,,,,18.062,0.124,17.729,0.092,,,21,1
271.2502747,66.5388718,101945,79671050635336126,23.939,0.005,23.447,0.008,22.989,0.011,22.554,0.016,22.259,0.018000000000000002,20.432,0.08199999999999999,20.191,0.081,19.867,0.067,,,,,,,,,,,,,21,1
271.58502200000004,66.6097336,42460,79671050635342973,22.619,0.002,22.061,0.002,21.329,0.003,21.033,0.005,20.758000000000006,0.006,19.349,0.05,19.18,0.037000000000000005,19.003,0.034,,,,,,,17.838,0.124,17.257,0.068,,,21,1
271.3902893,66.60410309999999,130325,79671050635344629,22.731,0.003,21.897,0.003,21.523000000000003,0.006,21.277,0.009000000000000001,21.167,0.012,20.461,0.113,20.091,0.063,19.906,0.059,,,,,,,18.232,0.138,,,,,11,1
271.5097961,66.639122,118799,79671050635349972,23.236,0.002,22.698,0.004,22.187,0.005,22.145,0.01,22.02,0.012,19.416,0.054000000000000006,19.407,0.046,19.397,0.051,,,,,,,17.158,0.086,,,,,12,1
271.5389709,66.6624908,41841,79671050635354993,23.342,0.005,22.858,0.006999999999999999,22.377,0.011,21.697,0.012,21.507,0.017,20.244,0.108,20.037,0.083,19.818,0.07200000000000001,,,,,,,,,18.121,0.133,,,21,1
271.3883667,65.51754,42089,79671024865521079,22.285,0.005,21.749,0.004,21.047,0.008,20.358,0.009000000000000001,20.144,0.01,19.433,0.047,19.275,0.037000000000000005,18.894,0.029,,,,,,,,,17.386,0.09,,,19,1
269.9669495,66.6352005,133328,79671462952202263,20.961,0.001,20.601,0.001,20.439,0.001,20.434,0.001,20.527,0.002,19.949,0.079,19.833,0.056,19.5,0.041,18.372,0.073,17.394000000000002,0.073,18.138,0.07200000000000001,17.5,0.07,17.570999999999998,0.066,16.442,0.102,21,1
270.11419680000006,66.5833893,84473,79671462952202466,24.459,0.005,23.08,0.005,22.39,0.004,21.642,0.004,21.293000000000006,0.005,20.115,0.077,19.694000000000006,0.058,19.429,0.045,,,,,,,,,,,,,21,1
270.37994380000004,66.7101517,95854,79671329808210642,21.72,0.001,21.623,0.001,21.37,0.002,21.084,0.003,20.897,0.004,19.636,0.058,19.305,0.04,19.118,0.038,,,,,,,,,,,,,21,1
270.1820374,66.7494659,91756,79671329808213772,22.708,0.002,22.283,0.003,21.6,0.003,21.244,0.005,21.15,0.006999999999999999,19.782,0.07400000000000001,19.668,0.06,19.574,0.065,,,,,,,,,,,,,21,1
270.247345,66.7594223,35308,79671329808215953,20.259,0.001,20.026,0.001,19.885,0.001,19.781,0.001,19.783,0.001,19.69,0.064,19.322,0.04,18.916,0.029,17.961,0.06,17.032,0.046,17.578,0.056,,,,,,,21,1
270.6010437,66.7981491,133662,79671329808220499,19.376,0.001,19.143,0.001,18.695,0.001,18.165,0.001,18.283,0.001,17.340999999999998,0.014,17.289,0.012,17.299,0.01,17.244,0.035,16.025,0.022,16.495,0.028,16.191,0.032,16.275,0.029,16.198,0.08199999999999999,21,1
270.4679871,66.8057022,123843,79671329808221362,22.744,0.001,22.576,0.003,22.242,0.005,21.984,0.006999999999999999,21.706,0.008,20.557,0.124,20.111,0.075,19.902,0.055,,,18.396,0.129,,,,,,,,,21,1
270.5793457,66.8307114,133644,79671329808221457,24.093000000000004,0.005,23.461,0.008,22.94,0.009000000000000001,22.494,0.012,22.231,0.014,19.838,0.083,19.239,0.053,18.895,0.041,,,,,,,,,18.229,0.138,17.187,0.139,18,1
270.28140260000004,66.8017654,48055,79671329808224491,21.574,0.001,21.361,0.001,20.656,0.001,20.493,0.002,20.348,0.002,19.818,0.061,19.517,0.044,19.565,0.049,19.084,0.138,,,,,18.124,0.121,17.674,0.096,,,18,1
272.3392029,65.72987370000001,134696,79670758577553798,20.392,0.001,20.037,0.001,19.876,0.001,19.799,0.001,19.836,0.002,19.548,0.068,19.267,0.047,18.863,0.031,18.179,0.071,16.79,0.04,17.746,0.079,17.239,0.08900000000000001,17.493,0.083,16.95,0.125,21,1
272.40338130000004,65.7495346,45330,79670758577554829,22.445,0.002,21.823,0.003,21.284,0.004,21.057,0.006,20.963,0.01,20.525,0.092,20.363,0.076,20.253,0.071,,,,,18.762,0.135,17.498,0.101,17.819000000000006,0.107,,,21,1
272.4324646,65.7802429,129408,79670758577556908,22.673,0.004,22.128,0.005,21.767,0.006999999999999999,21.495,0.01,21.209,0.014,19.935,0.063,19.543,0.046,19.638,0.046,,,,,,,,,,,,,13,1
272.1032715,65.89877320000001,134544,79670758577565694,24.308000000000003,0.006999999999999999,23.077,0.006,21.98,0.005,21.34,0.005,21.038,0.006999999999999999,19.336,0.048,19.121,0.036000000000000004,18.709,0.032,17.747,0.051,16.559,0.034,17.089000000000002,0.048,16.546,0.047,16.48,0.04,16.242,0.087,15,1
272.1611023,65.85681149999999,81531,79670758577567959,24.157,0.009000000000000001,23.088,0.009000000000000001,22.714,0.013,22.271,0.015,21.891,0.02,20.513,0.107,19.77,0.064,19.526,0.048,,,,,,,,,,,,,21,1
272.3042603,65.9025116,134677,79670758577571942,23.285,0.005,22.845,0.006999999999999999,22.542,0.013,22.363000000000003,0.021,22.142,0.027000000000000003,20.302,0.106,19.931,0.079,19.742,0.063,,,,,,,18.042,0.123,17.217,0.059,16.736,0.07400000000000001,21,1
270.6127319,65.7068253,127137,79671304038415221,22.343000000000004,0.001,22.104,0.002,21.671,0.003,21.648000000000003,0.005,21.671,0.008,20.338,0.099,19.897,0.073,19.838,0.055,,,,,,,,,,,,,21,1
270.49188230000004,65.7014236,47826,79671304038419837,22.664,0.003,22.601,0.005,22.252,0.008,21.832,0.011,21.807,0.014,20.413,0.08800000000000001,19.823,0.051,19.683,0.047,,,,,,,,,18.219,0.085,,,21,1
269.9096985,65.97653199999999,133299,79671450067291881,20.133,0.001,19.803,0.001,19.679,0.001,19.414,0.001,19.46,0.001,19.606,0.055,19.455,0.043,18.922,0.03,18.108,0.06,17.099,0.047,17.588,0.069,17.262,0.077,17.323,0.055,17.192,0.134,21,1
269.9519653,66.0072098,48926,79671450067295039,24.402,0.01,23.954,0.014,23.182,0.014,22.733,0.02,22.577,0.028,20.091,0.094,19.826,0.071,19.76,0.053,,,,,,,17.49,0.079,17.917,0.112,,,15,1
269.8755798,65.9786606,85665,79671450067296086,23.656,0.005,23.172,0.006999999999999999,22.63300000000001,0.01,21.983,0.013,21.656,0.013,20.516,0.111,20.17,0.067,20.265,0.061,,,,,,,,,,,,,12,1
269.9030762,66.04300690000001,40877,79671450067305252,21.743,0.001,21.294,0.001,20.85,0.002,20.776,0.005,20.638,0.006,20.109,0.073,19.778,0.052000000000000005,19.723,0.07,,,,,18.448,0.134,,,,,,,21,1
269.9799805,66.0879822,133333,79671450067306922,22.302,0.001,21.695,0.002,21.402,0.002,21.078000000000007,0.003,20.784,0.004,18.927,0.039,18.465,0.024,18.395,0.022,17.912,0.053,17.144000000000002,0.049,17.453,0.051,16.695999999999998,0.057,16.61,0.038,16.351,0.08900000000000001,21,1
271.7019958,65.7054901,124830,79670891721557605,22.949,0.005,22.454,0.006,21.769,0.008,21.135,0.01,21.026,0.014,20.293,0.108,20.025,0.07200000000000001,20.013,0.08199999999999999,,,,,,,,,,,,,17,1
269.5450745,65.4846802,84683,79671574621352667,23.065,0.003,22.489,0.005,21.941,0.006,21.735,0.013,21.57,0.014,19.618,0.07,19.382,0.05,19.408,0.046,,,,,,,,,,,,,11,1
269.3907166,65.4674988,70198,79671574621353550,21.342,0.001,20.57,0.001,20.304,0.002,20.091,0.004,19.91,0.005,20.21,0.077,20.081,0.065,19.74,0.052000000000000005,,,,,,,,,,,,,21,1
272.0294495,66.20695500000001,134496,79670904606454556,19.145,0.001,18.989,0.001,18.938,0.001,18.769,0.001,18.733,0.001,18.761,0.032,18.878,0.029,18.574,0.026,17.441,0.049,16.428,0.031,16.695,0.034,16.211,0.034,16.118,0.03,16.305,0.077,21,1
271.8727722,66.25640870000001,134390,79670904606457032,21.999,0.001,20.648000000000003,0.001,19.94,0.001,19.414,0.001,19.162,0.001,17.858,0.018000000000000002,17.685,0.015,17.041,0.01,15.825,0.014,14.989,0.011,15.496,0.014,15.262,0.019,15.255,0.016,15.1,0.036000000000000004,21,1
271.62512210000006,66.23847959999999,42432,79670904606457311,23.23,0.006,22.567,0.005,22.077,0.011,21.391,0.011,21.069000000000006,0.014,19.912,0.086,19.642,0.049,19.57,0.049,,,,,,,,,18.544,0.14300000000000002,,,19,1
271.8119812,66.2718353,42372,79670904606462485,25.567,0.043,24.196,0.024,23.235,0.031,22.533,0.027000000000000003,21.933000000000003,0.031,20.213,0.095,19.876,0.064,19.687,0.047,,,,,,,17.875999999999994,0.112,18.204,0.12,,,11,1
270.88415530000003,65.9910507,43116,79671175189382979,23.442,0.005,22.911,0.006,22.299,0.009000000000000001,21.665,0.011,21.438,0.012,20.17,0.077,19.695,0.049,19.616,0.051,,,,,,,17.995,0.13,17.827,0.08900000000000001,,,20,1
271.0014954,66.06414029999999,97566,79671175189394631,22.147,0.001,21.458,0.002,21.11,0.002,21.029,0.004,20.83,0.006,20.239,0.096,19.966,0.066,19.935,0.063,,,,,,,,,,,,,18,1
271.06271360000005,66.0458832,118112,79671175189395417,22.007,0.002,21.852,0.003,21.603,0.005,21.085,0.006,20.908,0.008,20.023,0.066,19.683,0.047,19.918,0.054000000000000006,,,,,,,,,,,,,21,1
272.1144714,66.2952652,123072,79670771462455720,21.587,0.001,21.243,0.001,21.125,0.002,21.042,0.004,20.904,0.006,19.952,0.064,20.158,0.062,19.692,0.058,19.06,0.141,18.874,0.161,,,,,,,,,21,1
272.2818909,66.35308839999999,121675,79670771462460733,23.564,0.008,22.906,0.008,22.291,0.012,21.813,0.018000000000000002,21.289,0.016,20.032,0.09,19.976,0.075,19.843,0.063,,,,,,,,,,,,,20,1
272.1604004,66.3990326,117967,79670771462467480,21.969,0.001,21.418000000000006,0.001,21.386,0.003,21.383000000000006,0.004,21.404,0.009000000000000001,19.787,0.061,19.488,0.052000000000000005,19.562,0.052000000000000005,,,,,,,17.952,0.128,,,,,19,1
272.4304504,66.44271850000001,119460,79670771462474539,24.659,0.015,24.022,0.016,23.384,0.022,22.874,0.033,22.408,0.035,20.697,0.134,20.319000000000006,0.095,20.21,0.08199999999999999,,,,,,,,,,,,,21,1
270.0933228,66.164978,133401,79671454362258077,21.952,0.001,21.62,0.002,21.067,0.002,20.651,0.002,20.499,0.003,19.675,0.055,19.04,0.032,19.002,0.03,18.551,0.106,17.617,0.095,18.0,0.108,16.521,0.05,16.528,0.052000000000000005,16.583,0.104,19,1
269.7988892,66.2714539,89090,79671454362270822,23.52,0.003,22.674,0.004,22.262,0.005,21.949,0.008,21.934,0.012,19.751,0.068,19.538,0.049,19.313,0.043,,,,,,,,,,,,,21,1
272.6523132,66.72530359999999,103704,79670642613443859,21.673,0.001,21.447,0.001,21.159,0.002,21.176,0.004,21.05,0.006,19.768,0.099,19.577,0.068,19.518,0.062,,,,,,,,,,,,,21,1
272.6012878,66.7389374,77992,79670642613444705,22.951,0.004,22.093000000000004,0.005,21.593000000000004,0.006,21.061,0.008,20.845,0.01,20.575,0.094,20.147,0.068,19.945,0.077,,,,,,,,,,,,,11,1
272.6729736,66.7555313,43686,79670642613445335,22.675,0.003,22.217,0.004,21.788,0.005,21.445,0.006999999999999999,21.236,0.009000000000000001,20.007,0.067,19.657,0.051,19.755,0.063,,,,,,,,,18.521,0.134,,,16,1
272.6342163,66.77548979999999,103449,79670642613446626,22.961,0.005,22.364,0.006,21.885,0.01,21.467,0.016,20.958,0.014,20.535,0.118,20.561,0.08199999999999999,20.111,0.08900000000000001,,,,,,,,,,,,,21,1
270.15679930000005,66.68722530000001,91385,79671467247155936,23.599,0.003,23.004,0.005,22.261,0.004,21.776,0.006,21.597,0.006999999999999999,20.437,0.115,20.177,0.086,19.877,0.083,,,,,,,,,,,,,21,1
270.04177860000004,66.6999741,115965,79671467247160932,21.768,0.001,21.824,0.002,21.511,0.002,21.381,0.003,21.292,0.005,19.072,0.053,19.092,0.044,18.957,0.042,18.995,0.128,17.827,0.112,,,,,,,,,21,1
269.8373718,66.68006899999999,40650,79671467247162333,21.328000000000007,0.001,21.157,0.001,21.012,0.002,20.612,0.002,20.781,0.003,20.379,0.098,20.017,0.064,19.71,0.048,18.73,0.086,17.479,0.08199999999999999,18.159,0.098,,,,,,,21,1
269.8398743,66.709137,88968,79671467247163849,26.533,0.044,24.906,0.029,23.867,0.023,23.422,0.029,23.09,0.033,20.539,0.086,19.928,0.057,19.739,0.049,,,,,,,,,,,,,16,1
270.1012268,66.7288055,84434,79671467247168428,22.873,0.002,22.421,0.003,21.56900000000001,0.002,21.031,0.003,20.845,0.004,19.713,0.07,19.314,0.05,19.334,0.048,,,,,,,,,,,,,15,1
272.1561584,66.9250946,45539,79670784347374363,21.949,0.001,21.041,0.001,20.712,0.001,20.317,0.002,20.351,0.003,19.271,0.048,19.211,0.041,19.057,0.053,,,17.975,0.095,18.07,0.103,,,18.086,0.17800000000000002,,,21,1
269.4172668,65.5502472,46557,79671578916308080,23.50800000000001,0.004,22.869,0.006,22.575,0.009000000000000001,22.071,0.012,21.748,0.012,19.496,0.077,19.33,0.06,19.196,0.049,,,,,,,18.488,0.158,17.866,0.11,,,21,1
269.3469849,65.6240158,68887,79671578916318363,25.767,0.044,24.548,0.034,23.996,0.046,23.708,0.078,23.43,0.08199999999999999,20.367,0.111,20.221,0.09,19.925,0.079,,,,,,,,,,,,,19,1
269.4759216,65.7032318,80368,79671578916327385,23.574,0.006999999999999999,23.04,0.01,22.424,0.012,22.041,0.019,21.905,0.025,20.505,0.121,20.256,0.087,19.611,0.069,,,,,,,,,,,,,21,1
272.1798706,65.9345016,45467,79670762872521728,24.662,0.011,23.65,0.011,22.815,0.01,22.345,0.012,21.905,0.015,20.566,0.124,19.793,0.067,19.536,0.043,18.719,0.128,18.61,0.1,,,17.605999999999995,0.108,17.509,0.094,,,21,1
272.4648438,65.9590988,134776,79670762872525626,20.922,0.001,21.109,0.001,20.548,0.002,20.29,0.003,20.102,0.004,19.097,0.04,18.739,0.027000000000000003,18.732,0.027000000000000003,18.285,0.065,17.798,0.068,18.287,0.095,17.377,0.076,17.524,0.065,16.669,0.111,21,1
269.4186096,66.9086838,133049,79671608981077369,22.75,0.001,22.22300000000001,0.003,21.896,0.003,21.736,0.005,21.549,0.006,20.137,0.09,20.007,0.068,19.742,0.061,18.845,0.121,17.942999999999994,0.079,18.066,0.08800000000000001,17.236,0.091,17.162,0.053,16.749000000000002,0.114,21,1
269.5878296,66.9196091,83615,79671608981084073,21.50800000000001,0.001,20.946,0.001,20.639,0.001,20.23,0.002,20.403,0.003,20.122,0.099,20.209,0.086,19.778,0.075,,,,,,,,,,,,,21,1
272.0639954,66.6631622,44886,79670917491341274,21.704,0.001,21.161,0.001,20.565,0.001,20.409,0.002,20.348,0.003,19.662,0.061,19.414,0.042,18.924,0.032,18.332,0.104,17.995,0.103,,,,,17.736,0.08900000000000001,,,21,1
271.8513794,66.7966461,117834,79670917491342009,22.248,0.002,21.481,0.002,21.128,0.003,20.755,0.004,20.748,0.006,20.063,0.066,19.845,0.059,19.816,0.059,,,17.205,0.078,,,,,,,,,18,1
271.93927,66.66660309999999,134439,79670917491352666,23.261,0.003,22.667,0.004,21.987,0.004,21.258000000000006,0.005,21.048,0.006,19.626,0.07,19.305,0.047,19.191,0.039,18.163,0.08199999999999999,17.324,0.07200000000000001,17.366,0.056,16.627,0.043,16.679000000000002,0.039,15.993,0.07200000000000001,15,1
272.0326538,66.7224426,121414,79670917491356763,22.349,0.002,21.554,0.002,21.338,0.003,21.025,0.005,21.018,0.008,20.105,0.101,20.152,0.066,20.013,0.06,,,,,,,,,,,,,15,1
272.0429688,66.789711,134503,79670917491357223,20.701,0.001,20.628,0.001,20.197,0.001,19.774,0.001,19.835,0.002,19.423,0.051,19.323,0.041,18.868,0.028,18.051,0.058,16.666,0.045,17.468,0.053,17.017,0.054000000000000006,16.500999999999998,0.055,16.601,0.108,21,1
272.06176760000005,66.7787552,120259,79670917491357463,23.779,0.009000000000000001,23.102,0.01,22.503,0.013,22.047,0.02,21.627,0.021,19.907,0.063,19.567,0.049,19.324,0.043,,,,,,,,,,,,,21,1
270.2271423,65.7342453,91204,79671308333363857,21.96,0.001,21.561,0.002,21.034,0.002,20.912,0.004,20.772,0.005,19.543,0.058,19.296,0.04,19.33,0.053,,,,,,,,,,,,,21,1
270.35098270000003,65.8013382,96016,79671308333368257,23.243,0.004,22.654,0.005,22.022,0.006,21.836,0.011,21.59,0.014,19.079,0.066,19.293,0.053,18.957,0.043,,,,,,,,,,,,,16,1
270.4205017,65.8642731,133566,79671308333385034,24.378,0.006,23.137,0.006,22.312,0.005,21.913,0.006999999999999999,21.615,0.008,19.98,0.083,19.376,0.05,19.183,0.036000000000000004,18.949,0.094,18.216,0.078,18.759,0.128,17.223,0.07200000000000001,17.144000000000002,0.052000000000000005,16.982,0.108,12,1
269.2566223,65.65016170000001,132948,79671716355272624,20.506,0.001,20.259,0.001,20.064,0.001,19.909,0.002,19.424,0.001,18.883,0.037000000000000005,18.767,0.03,18.764,0.028,18.689,0.094,17.456,0.075,17.672,0.067,17.304000000000002,0.087,16.840999999999998,0.058,16.7,0.114,21,1
270.2069092,65.6319962,92757,79671441477365343,22.789,0.002,22.423,0.005,22.299,0.006999999999999999,22.169,0.012,22.02,0.015,20.116,0.094,19.566,0.071,19.542,0.073,,,,,,,,,,,,,21,1
269.8819275,65.7226105,85164,79671441477373860,23.4,0.005,22.923,0.006999999999999999,22.573,0.011,22.318,0.021,22.015,0.023,20.394,0.113,20.088,0.07200000000000001,19.906,0.052000000000000005,,,,,,,,,,,,,21,1
270.49743650000005,66.9271622,47949,79671334103179730,21.042,0.001,21.035,0.001,20.922,0.002,20.575,0.002,20.536,0.003,19.008,0.042,18.621,0.028,18.696,0.035,,,18.281,0.121,18.671,0.135,17.682000000000006,0.105,18.406,0.146,,,21,1
270.2291565,66.9124603,133466,79671334103181107,20.647,0.001,19.799,0.001,19.275,0.001,18.799,0.001,18.784,0.001,18.061,0.021,17.965999999999994,0.017,17.692,0.014,16.651,0.024,15.285,0.014,15.564,0.015,14.88,0.014,14.685,0.011,14.182,0.019,14,1
270.3016663,66.92250820000001,133500,79671334103183986,22.896,0.002,21.986,0.002,21.364,0.002,20.923,0.003,20.674,0.003,20.787,0.124,20.305,0.083,19.77,0.066,18.219,0.087,17.173,0.067,17.757,0.08800000000000001,16.45,0.057,16.508,0.047,16.445,0.096,14,1
270.48382569999995,66.9316483,47793,79671334103184046,21.28,0.001,20.986,0.001,20.543000000000006,0.001,20.44,0.002,20.314,0.002,19.421,0.064,19.608,0.065,19.269,0.047,18.0,0.078,17.123,0.054000000000000006,17.500999999999998,0.063,17.586,0.096,17.683,0.096,,,21,1
270.5672913,66.5398407,127008,79671325513233404,23.655,0.004,23.202,0.006,22.608,0.008,22.044,0.01,21.919,0.013,19.92,0.087,19.488,0.052000000000000005,19.363,0.047,,,,,,,,,,,,,21,1
270.2262268,66.5423355,123839,79671325513240032,22.321,0.001,21.93,0.002,21.637,0.002,21.452,0.003,21.216,0.004,19.454,0.057,19.188,0.038,19.011,0.037000000000000005,19.174,0.153,18.206,0.085,,,,,,,,,21,1
270.3548279,66.572197,91571,79671325513249575,23.894,0.004,22.855,0.004,21.7,0.003,21.327,0.004,21.091,0.006,19.71,0.057,19.501,0.044,19.216,0.043,,,,,,,,,,,,,13,1
271.0595398,65.91455079999999,129399,79671170894429194,24.59800000000001,0.01,23.961,0.016,23.317,0.014,22.897,0.022,22.496,0.021,20.7,0.134,19.987,0.076,19.875,0.068,,,,,,,,,,,,,21,1
269.1782837,66.4664383,68547,79671733535151749,24.749,0.011,24.147,0.016,23.37,0.018000000000000002,22.916,0.021,22.643,0.024,20.336,0.114,19.885,0.075,19.763,0.064,,,,,,,,,,,,,12,1
272.6990967,65.840477,43897,79676118696750246,21.033,0.001,20.925,0.001,20.677,0.002,20.392,0.002,20.193,0.003,20.169,0.085,20.034,0.064,19.573,0.063,18.944000000000006,0.141,17.762,0.119,17.84,0.097,,,18.427,0.14300000000000002,,,21,1
272.8317566,65.89329529999999,129478,79676118696758018,22.32,0.002,21.763,0.003,21.779,0.005,21.732,0.006999999999999999,21.479,0.011,19.689,0.078,19.442,0.046,19.418,0.055,,,,,,,,,,,,,21,1
272.763031,66.5875473,43811,79676135876620734,20.589,0.001,20.323,0.001,20.143,0.001,19.907,0.002,19.816,0.002,19.211,0.056,19.036,0.046,19.045,0.038,17.832,0.07,16.81,0.065,17.476,0.065,17.488,0.069,17.407,0.092,,,21,1
272.7017822,66.8052521,103865,79676140171563886,23.19400000000001,0.004,23.117,0.006999999999999999,22.573,0.01,22.321,0.017,21.864,0.019,20.404,0.115,20.23,0.075,20.124,0.061,,,,,,,,,,,,,21,1
272.75021360000005,66.71384429999999,43830,79676140171576818,22.843000000000004,0.005,22.614,0.006,22.114,0.01,21.506,0.011,21.323,0.015,19.971,0.068,19.606,0.048,19.529,0.046,,,,,,,17.735,0.08199999999999999,18.431,0.115,,,21,1
272.7558289,66.8058624,43839,79676140171593427,21.513,0.001,20.838,0.001,20.838,0.002,20.609,0.002,20.42,0.004,19.352,0.046,18.861,0.03,18.649,0.026,,,17.844,0.068,,,18.026,0.093,16.667,0.059,,,21,1
272.6888733,66.8248596,43849,79676140171594744,22.85,0.003,22.672,0.006,21.962,0.006,21.511,0.008,21.433000000000003,0.012,19.874,0.087,19.651,0.059,19.528,0.049,,,17.709,0.105,,,16.98,0.061,16.847,0.056,,,21,1
273.1231995,66.1723175,78433,79675989847730568,21.416,0.002,20.679,0.002,20.583,0.004,20.492,0.006999999999999999,20.069000000000006,0.01,19.084,0.041,18.894,0.032,18.89,0.031,,,,,,,,,,,,,19,1
273.1157227,66.3512115,44377,79675994142684460,21.01,0.001,20.781,0.001,20.779,0.002,20.781,0.004,20.705,0.006,19.631,0.081,19.418,0.061,19.116,0.047,18.741,0.117,17.48,0.071,18.304,0.122,17.851,0.128,18.098,0.124,,,21,1
272.875885,66.3071747,44636,79675994142689944,22.44400000000001,0.002,22.152,0.003,21.76,0.004,21.42,0.005,21.128,0.008,20.038,0.07,19.701,0.049,19.631,0.046,,,,,,,18.062,0.109,17.896,0.102,,,21,1
272.9498901,66.337059,44545,79675994142692009,21.568,0.001,20.881,0.001,20.676,0.002,20.473,0.003,20.318,0.004,20.557,0.104,20.337,0.078,20.101,0.07200000000000001,19.031,0.132,,,,,,,18.694000000000006,0.12,,,21,1
272.9291992,66.36518860000001,44568,79675994142695755,23.825,0.006999999999999999,22.99,0.006999999999999999,22.301,0.01,21.926,0.013,21.404,0.016,19.657,0.086,19.231,0.038,18.768,0.026,18.219,0.07,17.657,0.061,17.76,0.078,17.680999999999994,0.086,17.793,0.07,,,20,1
272.8336487,66.4404526,134985,79675994142703692,21.969,0.001,21.718000000000004,0.002,21.544,0.003,21.382,0.005,21.312,0.009000000000000001,20.27,0.1,19.908,0.068,19.478,0.053,,,18.759,0.161,18.783,0.142,,,17.820999999999994,0.099,17.109,0.132,21,1
273.2762146,66.4545746,33562,79675994142704520,21.173,0.001,20.995,0.001,20.691,0.002,20.646,0.003,20.539,0.005,19.568,0.066,19.639,0.048,19.464,0.047,,,17.816,0.106,18.378,0.119,,,,,,,21,1
273.1969299,66.4544907,123210,79675994142704635,21.79,0.001,21.591,0.002,21.35,0.003,21.301,0.005,21.187,0.009000000000000001,20.587,0.111,20.091,0.066,19.949,0.059,,,18.434,0.135,,,,,,,,,21,1
273.0345764,66.4615402,117592,79675994142706222,21.943,0.001,21.902,0.003,21.744,0.005,21.799,0.008,21.68,0.017,19.979,0.102,19.527,0.045,19.311,0.038,19.034,0.13699999999999998,18.407,0.13,,,,,,,,,21,1
272.8251953,66.4988403,78112,79675998437657721,24.446,0.014,23.756,0.015,23.012,0.022,22.442,0.025,22.03,0.029,20.451,0.121,20.199,0.07,19.811,0.071,,,,,,,,,,,,,21,1
273.0253296,66.65651700000001,128752,79675998437669239,24.954,0.022,23.93,0.017,22.852,0.018000000000000002,22.322,0.02,22.163,0.029,20.223,0.075,20.03,0.059,19.764,0.066,,,,,,,,,,,,,12,1
272.94665530000003,66.6415253,44547,79675998437672521,22.544,0.002,22.136,0.003,21.555,0.005,21.227,0.006999999999999999,21.263,0.013,19.691,0.077,19.372,0.053,19.426,0.066,,,,,,,17.259,0.098,17.072,0.081,,,20,1
273.1619873,66.6886215,118556,79676002732621763,23.204,0.01,22.664,0.008,22.136,0.019,21.478,0.019,21.238000000000003,0.027000000000000003,20.37,0.12,20.109,0.097,19.854,0.077,,,,,,,17.284000000000002,0.102,,,,,21,1
273.1470642,66.7526627,76557,79676002732629047,23.465,0.011,22.802,0.006,22.146,0.019,21.65,0.023,21.369,0.026,20.132,0.091,19.789,0.052000000000000005,19.581,0.053,,,,,,,,,,,,,21,1
273.4182434,66.4624786,76412,79675856703743144,21.934,0.003,21.453000000000007,0.003,20.926,0.005,20.715,0.008,20.521,0.012,20.072,0.08800000000000001,19.948,0.059,19.686,0.052000000000000005,,,,,,,,,,,,,21,1
272.9048462,66.865036,118038,79676007027584844,26.188,0.053,24.48,0.025,23.762,0.039,23.261,0.05,22.912,0.056,19.536,0.052000000000000005,19.344,0.04,19.099,0.049,,,,,,,,,,,,,19,1
272.85845950000004,66.9358368,131931,79676007027588826,25.728,0.044,24.062,0.023,22.905,0.016,22.094,0.018000000000000002,21.852,0.021,19.632,0.066,19.478,0.045,19.126,0.036000000000000004,,,,,,,,,,,,,14,1
273.02313230000004,65.9737701,65359,79675985552758296,21.787,0.001,21.485,0.002,21.189,0.003,20.951,0.004,20.769,0.006999999999999999,19.511,0.073,19.168,0.039,19.119,0.034,17.792,0.081,,,,,,,,,,,21,1
272.6906128,66.3605652,103836,79676131581649782,21.968000000000004,0.002,21.299,0.002,20.816,0.003,20.635,0.006,20.613000000000003,0.009000000000000001,20.17,0.099,20.177,0.08800000000000001,20.088,0.07400000000000001,,,,,,,,,,,,,18,1
272.7744751,66.3967514,104824,79676131581654239,22.487,0.002,22.044,0.003,21.986,0.005,21.905,0.008,21.794,0.015,19.986,0.098,19.863,0.065,19.736,0.063,,,,,,,,,,,,,21,1
269.5660095,67.3629761,69042,80093245920547416,23.79,0.006999999999999999,22.863000000000003,0.011,22.334,0.01,21.754,0.012,21.51,0.014,20.392,0.099,20.213,0.081,19.712,0.065,,,,,,,,,,,,,11,1
269.561554,67.39781190000001,86184,80093245920547991,24.379,0.009000000000000001,23.234,0.01,22.327,0.006999999999999999,22.0,0.011,21.647,0.013,20.287,0.116,19.885,0.081,19.638,0.076,,,,,,,,,,,,,11,1
269.2617188,67.0534058,67575,80093379064517293,22.68,0.003,22.093000000000004,0.004,21.463,0.005,21.015,0.006999999999999999,20.799,0.009000000000000001,20.327,0.099,20.03,0.066,20.03,0.079,,,,,,,,,,,,,12,1
269.2449341,67.14825440000001,46087,80093379064522516,21.509,0.001,21.131,0.001,21.061,0.002,21.041,0.003,20.842,0.004,19.451,0.07,19.123,0.037000000000000005,18.684,0.025,18.261,0.061,17.355,0.065,17.774,0.071,17.461,0.086,17.561,0.08800000000000001,,,21,1
269.2784424,67.145256,130340,80093379064522541,22.058000000000003,0.002,21.394,0.002,20.739,0.003,20.535,0.005,20.368,0.006,19.811,0.078,19.651,0.059,19.593,0.067,,,,,,,17.521,0.108,,,,,15,1
270.93969730000003,67.32409670000001,131501,80092833603681493,22.588,0.004,22.283,0.006,21.95,0.012,21.652,0.019,21.152,0.017,20.302,0.106,20.158,0.085,20.056,0.07400000000000001,,,,,,,,,,,,,21,1
270.8725586,67.28826140000001,125899,80092833603684884,23.169,0.003,22.375,0.005,21.804,0.005,21.412,0.006999999999999999,21.28,0.01,20.217,0.112,20.194000000000006,0.065,19.782,0.077,,,,,,,,,,,,,17,1
270.46868900000004,66.9597244,47746,80092962452698926,26.574,0.054000000000000006,25.001,0.039,23.926,0.027000000000000003,23.061,0.024,22.676,0.026,20.106,0.108,19.803,0.065,19.646,0.057,,,,,,,18.023,0.104,18.579,0.147,,,20,1
270.2967224,66.983345,92964,80092962452706459,21.9,0.001,21.393,0.002,21.038,0.003,20.903,0.006,20.798,0.009000000000000001,19.863,0.065,19.597,0.052000000000000005,19.674,0.051,,,,,,,,,,,,,15,1
269.5059814,67.6230927,96314,80093254510467941,21.809,0.002,21.536,0.004,21.102,0.005,20.744,0.009000000000000001,20.611,0.011,19.81,0.08199999999999999,19.684,0.055,19.733,0.048,,,,,,,,,,,,,21,1
269.64898680000005,67.68948359999999,94200,80093254510475321,21.842,0.001,21.472,0.003,21.387,0.003,21.292,0.008,21.166,0.009000000000000001,20.382,0.113,20.425,0.086,20.129,0.078,,,,,,,,,,,,,21,1
269.75836180000005,67.7063293,130569,80093254510476634,23.986,0.016,23.136,0.017,22.583,0.019,21.942,0.024,21.675,0.03,19.899,0.07200000000000001,19.378,0.041,19.187,0.039,,,,,,,16.97,0.085,,,,,11,1
267.1724548,66.99732970000001,132014,80093924525373731,18.768,0.001,18.888,0.001,18.532,0.001,18.515,0.001,18.468,0.001,18.541,0.027000000000000003,18.324,0.021,17.941,0.015,16.764,0.026,15.821,0.021,16.245,0.024,,,16.042,0.026,15.672,0.05,21,1
268.2977905,67.223114,132479,80093658237384902,20.989,0.001,20.89,0.001,20.783,0.002,20.611,0.003,20.496,0.004,19.799,0.077,19.131,0.037000000000000005,19.091,0.036000000000000004,18.195,0.067,17.362000000000002,0.053,17.377,0.068,17.037,0.061,16.922,0.053,16.682000000000002,0.114,21,1
268.2680054,67.2372742,37732,80093658237388449,21.915,0.001,21.096,0.002,20.805,0.003,20.677,0.005,20.389,0.006,20.076,0.094,20.031,0.078,19.96,0.076,,,,,18.226,0.13,,,,,,,20,1
268.1332397,67.2870941,35978,80093658237394184,21.118,0.001,20.667,0.001,20.353,0.002,20.315,0.002,20.308,0.004,19.818,0.059,19.381,0.039,19.123,0.033,18.779,0.08900000000000001,17.178,0.079,18.505,0.133,,,18.479,0.135,,,21,1
268.2700195,67.30490879999999,73371,80093658237396617,22.09800000000001,0.001,21.869,0.002,21.554,0.005,21.53,0.006999999999999999,21.378,0.01,20.631,0.121,20.233,0.07200000000000001,19.651,0.059,,,,,,,,,,,,,21,1
267.9228821,67.31240079999999,37049,80093658237397640,24.162,0.015,22.914,0.013,21.831,0.012,21.235,0.013,21.012,0.016,19.601,0.054000000000000006,19.261,0.04,19.061,0.043,,,,,,,17.115,0.086,17.320999999999998,0.07400000000000001,,,12,1
267.957489,67.36106109999999,13906,80093658237401447,25.477,0.03,23.927,0.024,22.808000000000003,0.021,22.161,0.017,21.937,0.023,20.357,0.112,19.915,0.07400000000000001,19.502,0.052000000000000005,,,,,,,,,,,,,12,1
269.9642029,66.9621277,89379,80093099891652723,22.732,0.002,22.181,0.003,21.28,0.002,21.099,0.004,20.944000000000006,0.006,20.382,0.107,20.294,0.08800000000000001,20.068,0.091,,,,,,,,,,,,,20,1
269.8894653,67.0074005,40786,80093099891656884,21.178,0.001,21.001,0.001,20.845,0.001,20.653,0.002,20.482,0.003,20.051,0.092,19.639,0.048,19.483,0.05,18.974,0.13,18.1,0.112,18.528,0.14400000000000002,,,,,,,21,1
269.865387,67.0076447,90610,80093099891657625,24.592,0.006999999999999999,24.025,0.014,23.432,0.014,22.971,0.02,22.469,0.019,20.56,0.125,20.279,0.092,20.129,0.083,,,,,,,,,,,,,21,1
270.6894226,67.06902310000001,122167,80092966747661441,21.517,0.001,21.704,0.002,21.374,0.002,21.128,0.004,20.853,0.004,20.347,0.108,20.193,0.076,19.708,0.071,,,17.852,0.111,,,,,,,,,21,1
270.6686096,67.1290588,40378,80092966747671455,25.332,0.013,24.054,0.015,22.919,0.009000000000000001,22.495,0.015,22.314,0.015,20.357,0.117,20.108,0.081,19.665,0.048,,,18.114,0.107,,,,,,,,,18,1
270.52087400000005,67.1411667,95159,80092966747674070,23.414,0.006999999999999999,22.754,0.008,22.281,0.01,21.595,0.012,21.27,0.014,20.585,0.122,20.438,0.096,20.351,0.085,,,,,,,,,,,,,21,1
270.3261108,67.16624449999999,94730,80092966747676120,23.606,0.006999999999999999,23.128,0.01,22.226,0.009000000000000001,21.721,0.014,21.447,0.018000000000000002,20.113,0.094,20.073,0.066,19.873,0.08199999999999999,,,,,,,,,,,,,18,1
270.64868160000003,67.163414,48736,80092966747676394,23.992,0.006999999999999999,23.011,0.006999999999999999,21.966,0.005,21.53,0.011,21.305,0.01,20.054,0.094,19.939,0.069,19.367,0.055,,,,,,,,,17.338,0.08800000000000001,,,21,1
270.3574829,67.20484920000001,133532,80092966747680743,22.51,0.001,21.36,0.001,20.983,0.002,20.78,0.003,20.66,0.003,19.497,0.056,19.019,0.035,18.52,0.023,17.703,0.054000000000000006,16.897000000000002,0.042,17.473,0.057,16.867,0.058,16.523,0.045,16.954,0.134,21,1
270.8356934,67.6682968,42896,80092842193613934,21.661,0.001,20.816,0.002,20.46,0.003,20.136,0.004,20.04,0.006,19.572,0.053,19.176,0.037000000000000005,19.161,0.037000000000000005,18.673,0.124,17.311,0.08,18.171,0.11,16.616,0.058,16.989,0.061,,,11,1
270.74353030000003,67.12522129999999,99671,80092829308713808,26.516,0.073,25.201,0.053,24.148000000000003,0.04,23.465,0.05,23.074,0.053,20.574,0.124,20.202,0.08800000000000001,19.854,0.07,,,,,,,,,,,,,21,1
270.89736939999995,67.1276627,125119,80092829308718465,21.681,0.001,21.359,0.001,21.441,0.003,21.161,0.005,20.983,0.005,19.703,0.069,19.272,0.039,19.25,0.037000000000000005,,,,,,,,,,,,,21,1
269.9015198,67.4814453,48965,80093112776552604,20.983,0.001,20.479,0.001,20.346,0.001,20.287,0.002,20.031,0.003,19.411,0.066,19.476,0.047,19.252,0.038,18.077,0.062,17.061,0.047,17.375,0.05,16.938,0.073,17.102999999999998,0.056,,,21,1
269.86672969999995,67.5069199,133274,80093112776556764,20.351,0.001,20.18,0.001,19.958,0.001,19.868,0.002,19.737,0.002,18.555,0.03,18.222,0.02,18.455,0.022,17.472,0.042,16.817,0.038,17.044,0.042,16.552,0.045,16.535,0.036000000000000004,16.748,0.075,21,1
269.8233337,67.56115720000001,84039,80093112776562817,22.677,0.002,22.354,0.005,22.172,0.006999999999999999,21.969,0.02,21.88,0.023,20.43,0.111,20.092,0.085,20.133,0.086,,,,,,,,,,,,,21,1
269.9963989,67.56383509999999,133348,80093112776564876,25.364,0.019,24.053,0.026,23.063,0.012,22.54,0.019,22.22300000000001,0.019,20.126,0.101,19.514,0.065,19.228,0.044,,,18.153,0.121,18.053,0.107,17.771,0.117,17.547,0.063,16.637999999999998,0.112,21,1
267.5711365,67.2646255,55664,80093795676344295,21.289,0.002,20.721,0.003,20.602,0.005,20.431,0.009000000000000001,20.266,0.012,19.707,0.07,19.573,0.049,19.706,0.05,,,,,,,,,,,,,12,1
267.63763430000006,67.26927950000001,53942,80093795676344319,23.202,0.004,22.832,0.009000000000000001,22.581,0.015,22.403,0.019,22.075,0.03,19.907,0.09,19.97,0.081,19.805,0.079,,,,,,,,,,,,,21,1
270.78125,67.540329,64276,80092837898648876,22.288,0.002,21.513,0.002,21.068,0.003,20.815,0.005,20.481,0.005,19.992,0.062,19.907,0.064,19.756,0.078,,,18.411,0.124,17.649,0.08800000000000001,,,,,,,21,1
268.6319275,67.43321230000001,70587,80093525093398154,23.615,0.009000000000000001,23.136,0.011,22.805,0.026,22.41,0.033,22.011,0.035,20.353,0.121,20.276,0.099,20.034,0.086,,,,,,,,,,,,,21,1
268.42486569999994,67.4842911,132544,80093525093403607,23.164,0.005,22.546,0.006,22.204,0.019,21.816,0.018000000000000002,21.664,0.023,20.231,0.106,20.094,0.065,19.902,0.055,,,,,,,,,,,17.342,0.128,21,1
269.1981812,67.0273438,69601,80093374769570652,23.503,0.003,23.023000000000003,0.006999999999999999,22.317,0.006,21.70300000000001,0.006999999999999999,21.347,0.008,20.574,0.09,20.249,0.067,20.237,0.063,,,,,,,,,,,,,15,1
269.6160583,67.472023,85936,80093250215497195,24.19,0.01,23.228,0.012,22.219,0.009000000000000001,21.79300000000001,0.014,21.357,0.015,20.413,0.093,19.71,0.05,19.462,0.047,,,,,,,,,,,,,17,1
269.7044983,67.4791794,49121,80093250215503357,21.631,0.001,20.904,0.002,20.413,0.002,20.257,0.003,20.154,0.004,19.46,0.066,19.472,0.05,19.362,0.045,,,,,18.396,0.131,18.022,0.131,17.174,0.083,,,21,1
269.6730042,67.50310520000001,130179,80093250215506469,22.49,0.003,22.186,0.005,21.757,0.006999999999999999,21.348000000000006,0.011,21.22,0.014,20.559,0.086,20.436,0.077,20.266,0.065,,,,,,,17.509,0.098,,,,,21,1
269.5594788,67.5533829,46212,80093250215510577,21.112,0.001,20.924,0.001,20.678,0.002,20.708,0.004,20.595,0.004,20.003,0.071,19.818,0.054000000000000006,19.4,0.041,18.931,0.101,18.052,0.094,18.693,0.138,,,17.881,0.11,,,21,1
270.1437378,67.2324677,91305,80093108481575970,24.625,0.011,24.095,0.019,23.338,0.018000000000000002,22.878,0.025,22.519,0.029,20.385,0.117,19.836,0.054000000000000006,19.718,0.058,,,,,,,,,,,,,21,1
269.9909668,67.3463974,86189,80093108481594166,23.567,0.006,23.063,0.01,22.67,0.014,22.313,0.021,21.928,0.022,20.442,0.12,19.851,0.07400000000000001,19.902,0.079,,,,,,,,,,,,,11,1
269.3582153,67.0423431,70416,80093241625559988,22.97300000000001,0.003,22.49,0.005,21.772,0.006,21.313,0.006999999999999999,21.134,0.008,20.041,0.079,19.775,0.054000000000000006,19.755,0.058,,,,,,,,,,,,,18,1
269.3059998,67.10951999999999,130532,80093241625568504,23.205,0.004,22.97,0.009000000000000001,22.321,0.008,21.919,0.012,21.734,0.014,20.097,0.08900000000000001,19.57,0.055,19.655,0.048,,,,,,,18.125,0.133,,,,,11,1
269.4815674,67.1310196,46614,80093241625575082,23.099,0.003,22.852,0.006,22.32,0.006999999999999999,21.893,0.009000000000000001,21.736,0.013,20.103,0.099,20.02,0.078,19.975,0.07,,,,,,,17.832,0.112,17.797,0.106,,,21,1
269.2949829,67.216217,79578,80093241625586706,23.494,0.004,23.153,0.008,22.606,0.01,22.195,0.014,21.905,0.017,20.06,0.08800000000000001,19.641,0.058,19.517,0.051,,,,,,,,,,,,,21,1
269.32574460000006,67.0028458,82408,80093237330616389,22.159,0.001,21.941,0.002,21.34,0.002,21.206,0.004,21.082,0.005,20.413,0.123,20.183,0.094,19.985,0.066,,,,,,,,,,,,,21,1
270.29675289999994,67.30970759999998,48051,80092971042630691,21.95,0.002,21.483,0.003,21.06,0.005,20.558000000000003,0.006999999999999999,20.296,0.008,19.471,0.055,19.042,0.034,19.051,0.035,,,,,,,,,18.07,0.119,,,11,1
270.59045410000004,67.280098,105265,80092971042634612,25.09800000000001,0.013,23.604,0.013,22.337,0.006,21.594,0.008,21.3,0.006999999999999999,20.249,0.084,20.026,0.059,19.632,0.069,,,,,,,,,,,,,19,1
270.5773315,67.3323288,48615,80092971042636931,23.77,0.006,23.245,0.011,22.402,0.009000000000000001,21.978,0.014,21.814,0.018000000000000002,20.22,0.107,19.636,0.057,19.481,0.052000000000000005,,,,,,,18.016,0.122,17.835,0.106,,,17,1
268.4204407,67.0321121,36505,80093516503464436,22.109,0.001,21.632,0.002,20.95,0.003,20.624,0.003,20.474,0.005,18.962,0.058,18.772,0.04,18.664,0.037000000000000005,18.405,0.076,18.466,0.117,,,17.215,0.09,17.570999999999998,0.099,,,21,1
268.42004390000005,67.03395079999999,69853,80093516503464443,23.44400000000001,0.004,22.991,0.006999999999999999,22.614,0.014,22.202,0.016,22.015,0.025,19.336,0.053,19.252,0.039,19.121,0.035,,,,,,,,,,,,,20,1
268.5248718,67.0680161,36030,80093516503471086,23.19,0.003,22.523000000000003,0.004,22.371,0.009000000000000001,21.939,0.01,21.69,0.013,20.468,0.098,20.027,0.061,20.035,0.061,,,,,,,,,17.750999999999994,0.107,,,19,1
268.74404910000004,67.1379852,47153,80093516503475417,22.972,0.004,22.458,0.005,21.49,0.006,21.052,0.008,20.865,0.01,20.243,0.076,20.246,0.062,20.086,0.058,,,,,,,17.448,0.092,17.11,0.081,,,12,1
268.7716064,67.1181793,46781,80093516503475446,23.977,0.006999999999999999,23.171,0.008,22.512,0.011,21.833,0.01,21.523000000000003,0.014,20.178,0.097,19.61,0.064,19.49,0.056,,,,,,,17.947,0.13,17.824,0.112,,,11,1
268.6766357,67.14318850000001,47019,80093516503475451,23.936,0.009000000000000001,23.152,0.01,22.267,0.012,21.72,0.013,21.286,0.015,19.896,0.084,19.736,0.062,19.235,0.043,,,,,,,18.048,0.126,18.555,0.166,,,19,1
268.28094480000004,67.4680252,118982,80093662532356208,21.142,0.001,20.772,0.001,20.671,0.005,20.607,0.005,20.607,0.006999999999999999,20.483,0.113,20.24,0.077,19.634,0.071,,,18.25,0.121,,,18.302,0.13699999999999998,,,,,21,1
269.7874756,67.0433044,49199,80093104186608363,21.706,0.001,20.92,0.001,20.639,0.002,20.257,0.003,20.267,0.004,19.758,0.069,19.698,0.052000000000000005,19.619,0.051,18.857,0.131,,,,,17.904,0.124,17.852999999999994,0.08900000000000001,,,21,1
269.886322,67.1354675,85265,80093104186625081,23.405,0.005,22.914,0.008,22.50800000000001,0.01,21.866,0.013,21.576,0.015,20.06,0.094,20.01,0.08,19.878,0.085,,,,,,,,,,,,,21,1
267.6225891,66.9808578,39972,80093787086420039,25.725,0.027000000000000003,24.178,0.027000000000000003,23.563,0.026,22.936,0.023,22.657,0.032,19.767,0.064,19.415,0.045,19.07,0.035,,,,,17.889,0.092,,,,,,,14,1
269.8374329,67.6424255,89682,80093117071517898,24.778,0.018000000000000002,23.651,0.024,23.256,0.025,22.796,0.044,22.572,0.051,20.51,0.122,20.514,0.099,20.025,0.085,,,,,,,,,,,,,13,1
269.9334106,67.70612340000001,85773,80093117071524844,21.488000000000003,0.001,21.463,0.003,20.665,0.003,20.435,0.005,20.238,0.006,19.346,0.048,19.28,0.038,19.659,0.047,,,,,,,,,,,,,14,1
269.87945560000003,67.74784090000001,85550,80093117071528901,23.248,0.008,22.685,0.013,22.15,0.014,21.505,0.02,21.406,0.027000000000000003,20.09,0.101,19.8,0.066,19.874,0.063,,,,,,,,,,,,,12,1
269.241333,67.4357224,130382,80093387654447459,21.986,0.002,21.155,0.002,20.768,0.003,20.556,0.006,20.323,0.006999999999999999,20.076,0.068,19.726,0.063,19.656,0.068,,,,,,,18.174,0.14300000000000002,,,,,11,1
267.4261169,67.0508118,38802,80093791381373210,22.961,0.002,22.25,0.005,22.064,0.006999999999999999,21.733,0.006999999999999999,21.501,0.011,20.153,0.11,19.745,0.076,19.47,0.063,18.52,0.112,17.846,0.103,18.856,0.147,,,,,,,21,1
267.6995544,67.0974655,16812,80093791381377813,23.028,0.005,22.59,0.009000000000000001,21.652,0.006999999999999999,21.244,0.009000000000000001,21.194000000000006,0.013,20.467,0.107,20.323,0.09,20.349,0.106,,,,,,,,,,,,,11,1
267.7792969,67.10966490000001,132242,80093791381380078,23.056,0.005,21.917,0.006,20.917,0.004,20.338,0.004,20.116,0.006,18.328,0.029,18.245,0.024,17.997,0.017,17.340999999999998,0.04,16.596,0.038,16.656,0.034,16.266,0.037000000000000005,16.396,0.034,16.208,0.086,11,1
267.7657166,67.1514435,37291,80093791381384039,20.862,0.001,20.721,0.001,20.612,0.002,20.597,0.003,20.321,0.004,20.026,0.066,19.954,0.064,19.989,0.067,18.909,0.127,18.215,0.105,18.428,0.119,17.257,0.095,17.51,0.097,,,21,1
270.4869995,67.4076767,95926,80092975337591998,24.362,0.008,23.789,0.016,23.314,0.016,22.933000000000003,0.026,22.531,0.027000000000000003,20.534,0.119,19.851,0.078,19.63,0.07,,,,,,,,,,,,,21,1
270.342926,67.4176559,123311,80092975337593064,21.307,0.001,21.271,0.001,20.897,0.002,20.959,0.004,20.871,0.005,19.768,0.08199999999999999,19.578,0.055,19.375,0.052000000000000005,18.635,0.109,17.395,0.093,,,,,,,,,21,1
270.35049439999995,67.4753113,92623,80092975337600765,23.931,0.01,23.372,0.017,22.372,0.011,21.86,0.016,21.681,0.021,20.211,0.104,19.8,0.07,19.546,0.065,,,,,,,,,,,,,20,1
270.5430908,67.5604553,47892,80092975337611826,21.788,0.001,21.769,0.003,21.455,0.003,21.087,0.005,21.144,0.006999999999999999,19.975,0.092,19.736,0.053,19.817,0.054000000000000006,18.994,0.147,18.427,0.145,,,,,18.188,0.127,,,21,1
268.5972595,67.27344509999999,72731,80093520798439979,25.073,0.019,24.402,0.027000000000000003,23.787,0.038,23.449,0.049,23.115,0.06,20.526,0.124,19.929,0.069,19.637,0.062,,,,,,,,,,,,,20,1
268.51263430000006,67.3147583,121173,80093520798440949,22.607,0.002,22.068,0.003,21.686,0.005,21.587,0.006999999999999999,21.348000000000006,0.009000000000000001,19.664,0.081,19.275,0.057,19.345,0.056,18.893,0.124,18.184,0.13699999999999998,,,,,,,,,13,1
267.3072815,67.0331726,34146,80093928820325535,21.484,0.002,20.657,0.002,20.17,0.003,19.787,0.003,19.742,0.005,19.09,0.042,18.96,0.033,18.916,0.032,18.532,0.09,17.325,0.052000000000000005,17.676,0.064,17.69,0.103,17.621,0.095,,,11,1
267.34283450000004,67.1464386,51432,80093928820338115,23.101,0.004,22.666,0.01,21.943,0.006999999999999999,21.659,0.01,21.613000000000003,0.016,20.523000000000003,0.108,20.026,0.062,19.914,0.075,,,,,,,,,,,,,21,1
267.9565125,67.1025009,13910,80093653942428078,25.812,0.037000000000000005,24.431,0.041,23.503,0.031,22.715,0.024,22.275,0.028,20.14,0.098,19.896,0.07400000000000001,19.636,0.07200000000000001,,,,,,,,,,,,,18,1
268.0838318,67.1282043,10536,80093653942430836,23.54,0.009000000000000001,23.051,0.013,22.527,0.02,22.127,0.026,21.605,0.029,20.435,0.112,19.971,0.083,19.795,0.07200000000000001,,,,,,,,,,,,,21,1
268.30233760000004,67.21067049999999,131442,80093653942440336,21.079,0.001,21.182,0.001,20.693,0.002,20.656,0.003,20.637,0.004,20.353,0.132,20.511,0.109,20.016,0.07400000000000001,,,18.488,0.152,,,,,,,,,21,1
269.1510925,67.2578125,46063,80093383359483546,23.042,0.003,22.507,0.006,22.026,0.006999999999999999,21.531,0.009000000000000001,21.34,0.011,19.811,0.09,19.573,0.065,19.475,0.07,,,,,,,18.35,0.14800000000000002,17.824,0.113,,,21,1
269.01577760000004,67.25765229999999,68230,80093383359484142,24.629,0.008,23.451,0.011,22.914,0.01,22.604,0.014,22.455,0.019,20.29,0.106,19.873,0.066,19.489,0.068,,,,,,,,,,,,,19,1
269.1315002,67.3383408,132882,80093383359494446,22.924,0.003,21.696,0.003,21.015,0.003,20.679,0.004,20.403,0.005,19.303,0.055,18.828,0.031,18.413,0.024,18.057,0.071,16.838,0.048,17.105,0.045,16.838,0.048,16.455,0.034,16.249000000000002,0.092,21,1
268.8618469,67.3720551,46868,80093383359501349,23.221,0.005,22.517,0.006,21.843000000000004,0.008,21.346,0.009000000000000001,21.119,0.011,19.859,0.086,19.511,0.057,19.385,0.061,,,,,,,17.637999999999995,0.108,17.363,0.092,,,17,1
272.9381409,67.0416412,44558,80097777111026683,22.613000000000003,0.004,22.009,0.004,21.12,0.004,20.713,0.006,20.573,0.011,19.646,0.073,19.551,0.058,19.12,0.051,,,,,,,,,16.835,0.065,,,13,1
272.8080139,67.0340347,44522,80097777111030171,23.29,0.003,22.744,0.006999999999999999,22.049,0.006,21.749,0.009000000000000001,21.536,0.01,19.836,0.08900000000000001,19.227,0.051,19.172,0.04,18.247,0.099,17.454,0.057,17.776,0.068,17.502,0.099,17.820999999999994,0.11,,,19,1
272.6063538,67.12323,80773,80097777111036277,24.16800000000001,0.006999999999999999,23.58,0.014,22.989,0.012,22.59,0.022,22.153,0.02,20.702,0.138,20.336,0.08,20.042,0.076,,,,,,,,,,,,,21,1
272.9889832,67.0880127,120114,80097777111041058,21.034,0.001,21.325,0.002,20.999,0.005,20.918000000000006,0.008,20.737,0.008,20.186,0.102,20.11,0.068,20.134,0.085,,,,,,,,,,,,,21,1
271.12118530000004,67.6046753,43599,80098339751746304,24.82,0.016,23.367,0.019,22.309,0.01,21.647,0.012,21.155,0.012,19.734,0.063,19.169,0.035,18.987,0.031,18.627,0.106,17.224,0.08,18.055,0.109,17.305,0.093,17.308,0.081,,,12,1
271.0125732,67.63762659999999,97933,80098339751750437,22.331,0.002,21.82800000000001,0.003,21.519,0.004,21.401,0.008,21.302,0.01,19.806,0.083,19.529,0.061,19.423,0.06,,,,,,,,,,,,,21,1
271.0217285,67.534256,42788,80098335456791351,22.089,0.001,22.002,0.003,21.744,0.004,21.601,0.006999999999999999,21.454,0.009000000000000001,19.906,0.063,19.513,0.044,19.495,0.04,,,18.639,0.15,,,,,18.037,0.119,,,21,1
271.1802063,67.5925064,103061,80098202312789152,23.378,0.005,22.817,0.009000000000000001,22.072,0.006999999999999999,21.659,0.011,21.469,0.015,19.489,0.075,19.449,0.062,19.266,0.061,,,,,,,,,,,,,19,1
271.30377200000004,67.62483979999999,115747,80098202312795541,20.907,0.001,20.842,0.002,20.578000000000007,0.001,20.463,0.003,20.105,0.003,19.162,0.043,18.99,0.033,19.064,0.034,19.059,0.14300000000000002,18.224,0.114,,,,,,,,,21,1
271.19543460000006,67.66294859999999,117635,80098202312802337,20.342,0.001,20.532,0.002,20.376,0.001,20.21,0.002,20.084,0.003,18.834,0.035,18.414,0.023,19.17,0.035,,,17.016,0.048,,,,,,,,,16,1
270.9583435,67.01795200000001,122313,80098322571896838,20.947,0.001,20.729,0.001,20.833,0.002,20.627,0.003,20.363,0.003,20.289,0.119,20.099,0.068,20.044,0.058,,,18.662,0.133,,,,,,,,,21,1
271.84570310000004,67.2253571,42280,80098056283899394,21.255,0.001,20.855,0.001,20.761,0.002,20.437,0.003,20.214,0.004,18.902,0.036000000000000004,18.469,0.023,18.346,0.019,18.038,0.073,17.522000000000002,0.066,17.672,0.058,16.998,0.066,16.894000000000002,0.05,,,21,1
271.724884,67.266716,34341,80098056283906123,21.349,0.001,20.632,0.001,20.378,0.002,20.186,0.003,20.0,0.003,20.481,0.084,20.518,0.075,19.886,0.076,,,17.695999999999994,0.098,18.24,0.101,,,,,,,21,1
271.85211180000005,66.96246339999999,42297,80098047693971347,22.087,0.001,21.431,0.001,21.176,0.003,20.977,0.005,20.93,0.006999999999999999,20.414,0.113,20.212,0.095,19.293,0.057,,,,,,,,,18.424,0.209,,,21,1
271.8958435,66.9521179,117645,80098047693983052,23.34,0.005,22.886,0.006999999999999999,22.134,0.008,21.614,0.011,21.327,0.014,20.282,0.097,19.948,0.08,19.719,0.06,,,,,,,,,,,,,21,1
271.5065002,67.2795715,134184,80098193722865467,21.423,0.001,21.308000000000003,0.002,20.951,0.002,20.922,0.004,20.884,0.005,19.906,0.087,19.645,0.059,19.337,0.04,18.639,0.086,17.48,0.086,18.088,0.109,17.054000000000002,0.087,16.820999999999998,0.066,16.430999999999994,0.073,21,1
272.7268982,66.96355439999999,43807,80097772816071166,23.675,0.01,23.041,0.01,22.517,0.016,21.885,0.021,21.452,0.02,20.336,0.106,20.135,0.066,19.929,0.066,,,,,,,,,17.859,0.107,,,21,1
272.8010254,66.9688797,118352,80097772816071716,21.505,0.001,21.507,0.002,20.973000000000006,0.002,20.902,0.004,20.742,0.005,20.177,0.105,20.173,0.079,19.902,0.062,,,,,,,17.974,0.126,,,,,21,1
272.9368591,66.977417,119429,80097772816073444,22.376,0.004,21.789,0.004,21.51,0.011,21.444000000000006,0.024,21.135,0.024,20.262,0.116,20.612,0.085,20.201,0.092,,,,,,,,,,,,,12,1
272.9927673,67.0113907,135054,80097772816073831,20.933000000000003,0.001,20.788,0.001,20.61,0.004,20.654,0.006999999999999999,20.694000000000006,0.01,20.605,0.093,20.163,0.066,19.762,0.048,19.093,0.103,18.632,0.098,,,,,17.452,0.062,17.367,0.102,21,1
272.5953674,67.0425644,74728,80097914549978367,21.19,0.001,20.564,0.001,20.005,0.002,19.73,0.003,19.441,0.004,18.521,0.03,18.408,0.025,18.182,0.023,,,,,,,,,,,,,21,1
272.4833984,67.17304990000001,129233,80097914550002864,22.055,0.001,21.722,0.002,21.478,0.003,21.432,0.006999999999999999,21.342,0.01,20.097,0.099,20.172,0.078,19.53,0.06,,,,,,,,,,,,,21,1
272.28836060000003,67.1861877,45273,80097914550004984,23.579,0.006,23.113000000000003,0.011,22.344,0.009000000000000001,21.857,0.013,21.847,0.017,20.491,0.104,19.994,0.057,19.652,0.049,,,18.142,0.129,,,16.704,0.047,16.422,0.051,,,21,1
271.3440552,66.9764252,102879,80098185132943616,24.059,0.006999999999999999,22.803,0.005,21.851,0.005,21.412,0.006999999999999999,21.108,0.01,19.891,0.064,19.665,0.049,19.448,0.047,,,,,,,,,,,,,13,1
271.5670776,67.05233,41791,80098189427885265,20.864,0.001,21.095,0.001,20.572,0.001,20.535,0.003,20.547,0.004,20.171,0.081,19.939,0.068,19.546,0.051,19.027,0.1,17.971,0.083,,,18.107,0.131,16.658,0.067,,,21,1
271.27709960000004,67.0264969,130223,80098189427885276,21.17,0.001,21.301,0.001,20.827,0.002,20.774,0.003,20.606,0.004,19.961,0.067,19.566,0.045,19.309,0.036000000000000004,,,,,,,18.256,0.107,,,,,21,1
271.39889530000005,67.08989720000001,97680,80098189427886844,25.254,0.028,23.87,0.018000000000000002,22.789,0.015,22.388,0.025,22.072,0.026,20.653,0.134,20.648000000000003,0.12,20.314,0.08199999999999999,,,,,,,,,,,,,11,1
272.53018189999995,67.22457890000001,80486,80097918844947589,25.134,0.027000000000000003,23.175,0.016,22.432,0.012,21.887,0.016,21.363000000000003,0.019,19.845,0.08800000000000001,19.529,0.058,19.374,0.062,,,,,,,,,,,,,12,1
271.1278687,67.11507420000001,130212,80098326866847127,23.072,0.003,22.5,0.005,21.867,0.006,21.709,0.01,21.544,0.013,19.519,0.08,19.398,0.059,19.22,0.057,,,,,,,17.119,0.071,,,,,21,1
271.8658142,67.07947539999999,99432,80098051988942358,22.753,0.003,22.298,0.004,21.798,0.006999999999999999,21.277,0.009000000000000001,21.122,0.013,20.423,0.107,20.096,0.079,20.145,0.09,,,,,,,,,,,,,14,1
272.0079956,67.1460495,134483,80098051988944419,20.145,0.001,19.755,0.001,19.691,0.001,19.648,0.001,19.598,0.002,19.229,0.044,19.232,0.038,19.185,0.035,18.545,0.08199999999999999,17.926,0.08,18.142,0.08199999999999999,17.932000000000006,0.118,18.431,0.091,17.265,0.12,21,1
271.97610469999995,67.1194458,45067,80098051988947270,24.522,0.015,23.475,0.012,22.409,0.01,21.835,0.016,21.58,0.018000000000000002,20.241,0.104,20.033,0.077,19.613,0.064,,,,,,,17.087,0.079,16.155,0.047,,,16,1
272.0050354,67.1536713,134481,80098051988949713,22.04,0.001,21.447,0.002,21.392,0.003,21.092,0.005,20.935,0.006,19.131,0.055,18.736,0.037000000000000005,18.686,0.032,18.544,0.115,18.026,0.104,18.351,0.123,17.338,0.066,17.252,0.054000000000000006,16.903,0.095,21,1
271.702179,67.213768,116326,80098051988957840,21.594,0.001,21.396,0.001,21.217,0.002,21.037,0.004,20.812,0.005,19.539,0.055,19.134,0.033,18.898,0.028,18.653,0.08,17.817999999999994,0.095,,,,,,,,,21,1
271.14074710000006,67.48903659999999,102629,80098198017833297,21.8,0.001,21.458,0.002,21.359,0.002,21.336,0.006,21.305,0.006999999999999999,20.009,0.075,19.687,0.051,19.216,0.05,,,,,,,,,,,,,21,1
271.3257141,67.5102615,123947,80098198017835351,22.398000000000003,0.003,21.688,0.003,21.09,0.004,20.902,0.008,20.718000000000004,0.011,20.333,0.106,20.204,0.093,19.705,0.078,,,,,,,,,,,,,21,1
272.8868713,67.3414307,119378,80097781405994521,22.766,0.004,22.175,0.005,21.699,0.009000000000000001,21.134,0.011,20.901,0.012,19.641,0.085,19.587,0.048,19.493,0.059,,,,,,,,,,,,,21,1
