,mean_test_score,std_test_score,rank_test_score
0,0.6502859030966641,0.05506514079720673,777
1,0.6555526384145736,0.058237165286450475,617
2,0.651281122248678,0.06117829684324449,756
3,0.6633871743025217,0.055473294131337426,282
4,0.6660723152305995,0.055851003574633455,206
5,0.6409950682197955,0.054308023299833454,874
6,0.6512778179350097,0.05467092889696149,757
7,0.660245683179373,0.061038084749023704,412
8,0.6360267478708959,0.058831859397668745,981
9,0.6435424127523778,0.052041207008796636,842
10,0.6580493806356542,0.05596532933112352,508
11,0.6584785245993924,0.05486973166732882,487
12,0.6554410184836453,0.05828719178667576,622
13,0.641691007679874,0.0553470420119834,864
14,0.6691576082030566,0.05920629731993693,131
15,0.6612613580595712,0.054575536378324754,375
16,0.6679389448803424,0.059410914730125775,162
17,0.6508952912429078,0.053381374866549675,764
18,0.668415092323339,0.05761099111580161,150
19,0.6602503835478214,0.05836802862799999,411
20,0.6668616855209113,0.05375482616012366,186
21,0.6551867056885295,0.05338129967284742,631
22,0.657510383340902,0.05408418104511242,542
23,0.6541289961887716,0.05936454332250815,669
24,0.661056400524852,0.05908659263926222,382
25,0.6528100253220082,0.05536616147451241,713
26,0.6560924392094866,0.054807755664147494,600
27,0.640015095540173,0.054464623248900675,906
28,0.6633282163551477,0.05782388635973519,285
29,0.6690260945688826,0.053001651337433196,135
30,0.658991566013556,0.0541241716587846,462
31,0.6758443099699815,0.05421325004964791,31
32,0.6626206462660629,0.05686264143277089,316
33,0.6426399486082625,0.05375642505095399,850
34,0.6405151577648729,0.05958295562302491,885
35,0.6497272291262597,0.05766375742979963,786
36,0.6581072196489718,0.057331075575537384,505
37,0.6535691875853515,0.05655162034613344,689
38,0.6382570031011138,0.05367569779536513,945
39,0.6658356139409698,0.05734169439655255,215
40,0.6576837803734944,0.057915014679421,527
41,0.6574358132452204,0.05950478915628337,544
42,0.6629244682311686,0.05789760629016305,305
43,0.6553883800533342,0.055196030292560594,624
44,0.6375246550516602,0.055391146003157796,956
45,0.6646020256186956,0.0550934976078291,250
46,0.6579631329107103,0.056893285724999965,512
47,0.6415439526476375,0.05682700386897999,865
48,0.6541979341244953,0.056519896671288074,662
49,0.6546939910790909,0.05486980275409724,645
50,0.646113325156263,0.054689743714335035,822
51,0.6592482070639099,0.05990099192676458,444
52,0.6364372167655363,0.055475797709462954,977
53,0.6381769251058901,0.05689753101936366,946
54,0.662530129669139,0.05609619712203901,319
55,0.647917958525462,0.05212226956897807,809
56,0.6657149740606091,0.05807126174832002,219
57,0.6526798542985334,0.0583924149527282,718
58,0.6503414277412719,0.05705709311613875,776
59,0.6644976702213633,0.0540667671002573,253
60,0.6598756704896528,0.05562453128287241,420
61,0.6631380820960254,0.057640398201494365,293
62,0.6612785253155034,0.06240845939548261,374
63,0.6566080617967258,0.0571463801633125,576
64,0.6398537594920972,0.05740451693310227,909
65,0.6685615801245062,0.061325197004473704,146
66,0.6595008737791617,0.05303200874290193,437
67,0.6436240265506205,0.055984570759148755,841
68,0.6565987204265517,0.05666617014764692,577
69,0.6710567341100748,0.05637789380559673,95
70,0.6508491683267335,0.05944205874572919,766
71,0.6582106980042642,0.057256270468908646,499
72,0.6576827691958961,0.05581016105556451,528
73,0.6632697579923916,0.0603035268570767,286
74,0.6418345181885202,0.058248501467129246,863
75,0.6642984848900574,0.05946762244206986,260
76,0.6397924474072165,0.05753157556545522,910
77,0.6626768961013461,0.058877881198858395,314
78,0.6648630432750902,0.05837651315009182,246
79,0.6410814662151688,0.058568275479460155,872
80,0.662315599860863,0.05489491680704295,333
81,0.6541133600955635,0.05636005663650211,671
82,0.6533666098812497,0.05643556073500239,695
83,0.6578044712100606,0.057690990569806186,518
84,0.6661604520690194,0.053805911737979786,201
85,0.6617303489240429,0.059358320143700044,359
86,0.6387048918847694,0.05473964023853978,940
87,0.663076236576442,0.05941787166969252,299
88,0.6588230065305303,0.056914653252803975,470
89,0.6565848610728373,0.05564248429514878,579
90,0.658409507292705,0.05683600357416984,492
91,0.6505492747494996,0.05959767659496464,772
92,0.6402387115905195,0.05719322701822816,894
93,0.6534151255574473,0.06211481639349542,693
94,0.65881634609995,0.05681947337584929,471
95,0.6548381936519279,0.05594957526043137,640
96,0.657702295294256,0.05604305509946446,526
97,0.6722836271952647,0.05929641093501142,75
98,0.6600799612577976,0.05867579245323868,417
99,0.6544369179922311,0.054731072708021945,655
100,0.6586664997119221,0.055868058013058726,479
101,0.672889323474566,0.05679420131720698,63
102,0.6678749834396152,0.05770817068471385,163
103,0.6371762689398686,0.0557619525665478,964
104,0.6490500804187829,0.053390680369303084,794
105,0.6644144545749374,0.055280695518585526,258
106,0.6611663492596085,0.05362300024271948,378
107,0.647377455187257,0.05672106126995428,814
108,0.6575537949310778,0.05733666943077964,538
109,0.6524716192392392,0.057940824750115284,724
110,0.6542669806464894,0.05330474459332552,659
111,0.6533614275882169,0.06338251783170885,696
112,0.6625395962989806,0.05447814028631618,318
113,0.6424997147225219,0.057725791827898,853
114,0.6609592924450871,0.06162178704190245,386
115,0.6429635246765696,0.05475478200748352,847
116,0.6681080510805171,0.06059131980899163,157
117,0.6577514870819097,0.05793090001118508,523
118,0.6662910654327279,0.05761851934124019,199
119,0.6622698520716643,0.05354604229957228,336
120,0.6661236461765312,0.05689429202826225,203
121,0.6614873273894015,0.05690981781232454,369
122,0.6601439362145046,0.05750607407241841,416
123,0.6659029652083736,0.05860240427098553,213
124,0.6541382137274075,0.05492264607146373,668
125,0.6495168564374001,0.0549505719574812,790
126,0.6534027764335222,0.05984865127291786,694
127,0.6595568277521544,0.058902409193596225,434
128,0.6668492842920645,0.05861169310977792,187
129,0.6639239851027251,0.05963798357199602,270
130,0.6591930715065577,0.053309003099090674,445
131,0.6648649213406455,0.06220540705760121,245
132,0.6584681237449316,0.055734492021132925,488
133,0.6514134370816795,0.05345636338735695,748
134,0.6440430014060528,0.05754888264969077,833
135,0.6757405578584431,0.0561006379729954,33
136,0.636482971352406,0.05850152646260117,975
137,0.6539815796310603,0.0565034202059334,675
138,0.6588840048154577,0.05836872877975773,468
139,0.6605627573371698,0.05689361937941776,401
140,0.6587191751343857,0.05441238429481616,476
141,0.6408134641373887,0.057445371541814845,875
142,0.6624800430013994,0.058956498043984784,322
143,0.6679834507766768,0.05664003462169406,160
144,0.660264681228012,0.05727324198987337,410
145,0.6524238031219661,0.05473737778062697,727
146,0.6627807205542752,0.05429180186355064,309
147,0.6371728911630068,0.057408518123137915,965
148,0.6545730090242374,0.05859037208692359,650
149,0.6654408416628099,0.05857473526138439,229
150,0.6347957188018843,0.05832445583822135,987
151,0.6620551223275105,0.057188079027759166,347
152,0.6611541418973332,0.05401941081334064,380
153,0.6303553853843742,0.05870229103883085,999
154,0.6583220889380905,0.05700899304067419,495
155,0.6673457982244386,0.05654496681697668,176
156,0.6627162692973235,0.057271685935756066,312
157,0.6537932295287798,0.054332969497701514,679
158,0.6682646403990343,0.05808582002408394,153
159,0.6741632907264361,0.05779885712454671,49
160,0.6625227495572775,0.05797473919845225,321
161,0.6601555597064575,0.05699298141481276,415
162,0.6557743097121356,0.055369334292089935,608
163,0.6565853963241591,0.058233528565396424,578
164,0.6629875098755579,0.05696895685217984,302
165,0.665977146152919,0.05710459599106205,211
166,0.6620122088107242,0.059180259825586765,348
167,0.654098938725479,0.0597053573998336,672
168,0.6542261011152632,0.05670534429560541,661
169,0.6724969692199673,0.05603145687050517,72
170,0.6664198988335547,0.05623867885585982,197
171,0.6507220100225563,0.056036850842753616,769
172,0.6395335821247279,0.057919666825037505,917
173,0.6577550102145616,0.055354899441278096,522
174,0.659151333569025,0.05767568641264636,448
175,0.6767903853614237,0.05694161266470929,16
176,0.6587013020004693,0.054397606092217804,477
177,0.6692444916436416,0.057183532387570936,124
178,0.6563541770398704,0.05768445410038488,590
179,0.6594452901008325,0.06194013078516462,440
180,0.6577504099065626,0.05311305612794221,524
181,0.6682439744367157,0.055312285316426485,154
182,0.6467294586200528,0.05471424938085198,818
183,0.6377264357993313,0.05661949699714621,954
184,0.6629435321880142,0.05618736986941567,304
185,0.6629499760160943,0.05859843376914763,303
186,0.6713557617590051,0.06209773000659928,90
187,0.6569134791388275,0.05898560383116544,564
188,0.6688516448787951,0.05772523006000668,138
189,0.6611565442044924,0.060895960615322015,379
190,0.6619293595117836,0.054353331602844876,351
191,0.6466222021089731,0.05794268785847996,819
192,0.6653545582156812,0.057227926325479836,232
193,0.6365417169584379,0.05517816824223587,974
194,0.6505864699406386,0.056634674431882706,771
195,0.6781471928941152,0.05914869284828191,8
196,0.6527140228087143,0.05569744067111244,715
197,0.66145766709473,0.05916703360952735,370
198,0.6616342087362832,0.05617081233821752,364
199,0.6712306434653879,0.05952110665287067,92
200,0.661756948613005,0.05707459620898319,357
201,0.6530485582359514,0.05514981833470493,707
202,0.6638770860388951,0.060199642391557145,272
203,0.6404333643194026,0.05553933102929531,888
204,0.66320081456221,0.059182123354566414,288
205,0.6406666654564697,0.06246138333439449,882
206,0.6630711732034138,0.0635186992353485,300
207,0.6621037946594801,0.05480286710001232,345
208,0.6402824089757132,0.0582809651349887,892
209,0.6563582314870654,0.057102420398912376,589
210,0.6412064365356778,0.056336621380230684,871
211,0.6568899688551442,0.05895567335639971,567
212,0.6621830618402649,0.057415801496180766,340
213,0.6380297376764922,0.053192701768494326,949
214,0.6561942584545372,0.057253411291906114,595
215,0.6631236101603132,0.05856604651791158,294
216,0.6763958485372363,0.06143840634505822,24
217,0.6549938803958643,0.05365160072511431,637
218,0.6556179983383553,0.059870429134320634,614
219,0.648791031743846,0.05542134948417224,801
220,0.6653227695590282,0.05720302774201806,234
221,0.6556759313434118,0.053128417759837614,612
222,0.6611674320902645,0.054598529356319404,377
223,0.6715151591061883,0.05551230279574526,85
224,0.6751256422954809,0.06293957081031085,40
225,0.6538107076101077,0.05626556993968565,678
226,0.635543605211074,0.05793411286330836,983
227,0.6587682434753894,0.06079740911529475,474
228,0.6402169748010508,0.0555357498043538,896
229,0.6590642201515137,0.056050537420924335,453
230,0.6640236387051714,0.056825233196082674,268
231,0.6572137790497572,0.058037402210715176,549
232,0.6555543522082219,0.0589251398698996,616
233,0.6651658580879726,0.0595942298130034,238
234,0.6551064970091346,0.05628312364898894,636
235,0.6640361020415656,0.057816723754008065,267
236,0.6412824101814009,0.05937766376366323,870
237,0.6691856982932552,0.056130720640935564,127
238,0.6532305668486884,0.055295797683049354,703
239,0.6607606605470441,0.05549340732487478,394
240,0.6762571331724488,0.057316399091264125,27
241,0.6621407297300581,0.05465672439184708,343
242,0.6670000231733211,0.054868696340045556,182
243,0.6571749163268786,0.057921415678808236,551
244,0.6371206845747606,0.05801927849582562,967
245,0.658114390203677,0.05519437591486832,504
246,0.6617604048975267,0.06092876389508413,356
247,0.6561414633068658,0.05419476750686102,598
248,0.6656561344337862,0.05635168581275668,222
249,0.6369695270702198,0.057514027876321865,970
250,0.6590525742203003,0.05671284091910479,455
251,0.6547093985670231,0.055173007206009705,643
252,0.6615328974945589,0.055759445536651187,368
253,0.6557109896277526,0.0513352516815364,611
254,0.6569524846435726,0.05998812391869456,563
255,0.6681824500926301,0.05855589944094685,156
256,0.644693290060286,0.05762540486464471,827
257,0.6483786363565917,0.05530336179306196,805
258,0.6603418783945153,0.05372162219375247,408
259,0.6443909602830056,0.05439979224964983,830
260,0.6687234366932874,0.058415674278179223,143
261,0.6597456394979117,0.05359802273396895,429
262,0.6734058669247436,0.05453696171984316,60
263,0.673072574725457,0.055098033461375095,62
264,0.6504205569715599,0.0567792234317832,775
265,0.6530009870337469,0.058015028370943286,708
266,0.6568734646457041,0.056873396341455044,568
267,0.6767164963670299,0.05883209646601437,19
268,0.6419967188648755,0.05355434219669908,858
269,0.637444051299121,0.0559932660662406,958
270,0.6463034756032807,0.056218603771590964,820
271,0.6591294267068274,0.055209012030069136,450
272,0.6526616313469473,0.057601596038660455,719
273,0.6574633464087188,0.05437345600012684,543
274,0.6668295931290966,0.05458037151743204,189
275,0.6523369508140378,0.05646852845372388,728
276,0.6394621407393584,0.05382631846852351,920
277,0.6558393858204764,0.056112727130585016,605
278,0.6654512224450468,0.062361132431784844,227
279,0.6410327517583246,0.06022474980157699,873
280,0.656850062908594,0.05485024997405693,570
281,0.6590735446598858,0.056750451285436924,451
282,0.6541842262438816,0.056406062744291066,663
283,0.655375135762704,0.05708040526496093,625
284,0.6567165713327191,0.05509697404426154,574
285,0.6588128764598228,0.0550744097282261,472
286,0.6533256288619156,0.05741987702372269,698
287,0.6575618000915209,0.05722110139878285,536
288,0.6695639059506578,0.057178833883720095,113
289,0.6743170919887548,0.05852563619661187,47
290,0.6551121429107459,0.05679293028738326,635
291,0.6543348911253513,0.053083540510704616,656
292,0.6523275640706205,0.055263664880804794,729
293,0.659779692345258,0.05677688397809923,427
294,0.6694276060565225,0.06077806119358657,117
295,0.6553103029919869,0.05382645463361285,627
296,0.672524939779603,0.056853634273733494,69
297,0.6597890708351081,0.05506170904746922,426
298,0.6674620629793577,0.058881027427630926,175
299,0.6509312469393652,0.05569812401375566,762
300,0.6584539651007978,0.05978317872172306,489
301,0.6364381424169233,0.056513422033682564,976
302,0.6607729250413467,0.05561498059385589,393
303,0.6652856470218391,0.058096159950954414,236
304,0.6641170786517495,0.05686970598485975,265
305,0.6725544246622901,0.05671213125636134,68
306,0.672761492498379,0.05927932456339827,64
307,0.6537053051506071,0.05641588051140143,683
308,0.6644815590484947,0.060689439877155964,254
309,0.6709228254400362,0.05693453904331405,96
310,0.6675162967002706,0.05801222088273483,170
311,0.6395136018656514,0.05855303675445713,919
312,0.6585822566871984,0.05600082758440467,482
313,0.651729389485679,0.056127699032659295,740
314,0.6684864212923632,0.06019933752985718,147
315,0.6543145450806331,0.05331780674669096,657
316,0.6660480895737834,0.06049807482805317,207
317,0.6495217853681049,0.05719883821544653,789
318,0.6654470066565399,0.05520324808395775,228
319,0.6399487166267442,0.05416874830670053,908
320,0.6380932481517277,0.05469477702116233,948
321,0.6396264824032606,0.055905776170100105,913
322,0.6564364482640124,0.056862122226256584,584
323,0.6674958157490621,0.05840735216773938,173
324,0.6564722569037937,0.053033571671497026,582
325,0.6669590988851991,0.05763956078298162,185
326,0.6568420123360075,0.05781097441161635,571
327,0.6519852737086929,0.05489074153854245,733
328,0.6537490531756062,0.05797637414010584,682
329,0.6765042867044222,0.05567226550578078,21
330,0.6567517106547155,0.06660055323044059,573
331,0.6609506821060372,0.05667926251969739,387
332,0.6561410237688297,0.059520757705574266,599
333,0.6617096967675665,0.05918950733424907,361
334,0.6397490192457743,0.06111566890607183,911
335,0.6609093933609346,0.05273643775136815,390
336,0.6392269940665316,0.05800424589284855,929
337,0.6622918115691618,0.057281596090207075,335
338,0.6636501084156683,0.05841989971107697,277
339,0.6660757067440851,0.06059056558094792,205
340,0.6287595770909815,0.059358889316136136,1000
341,0.6644487016023198,0.05657444897969924,256
342,0.6570590919767005,0.061676999924172284,557
343,0.6378433950620148,0.0575517943174035,953
344,0.664092492847725,0.05936032144624247,266
345,0.6386325414902715,0.05606745882596406,941
346,0.6598724768286967,0.060688001701065926,422
347,0.6531991701655143,0.05591624802798324,704
348,0.6343895755829506,0.05797960600507785,991
349,0.6690679213641486,0.05698225981553798,132
350,0.6557474974791522,0.05547911265190473,609
351,0.6604369842593093,0.05793902727270813,405
352,0.64736063304528,0.05869727455604903,815
353,0.6488441786513228,0.05522066276484186,799
354,0.6418562358147125,0.05556840261567012,862
355,0.6591492667122697,0.05961403243557826,449
356,0.6736493820598624,0.05665333670128601,53
357,0.6323983596970476,0.06158253892676601,998
358,0.6573090273495216,0.06061092820982996,548
359,0.6578716727948027,0.05501570695944832,516
360,0.6567086705557742,0.05622866165271125,575
361,0.6660418878341418,0.05646372566993862,208
362,0.6573594285367705,0.05530515803534052,547
363,0.6571397940403189,0.057972008019337225,553
364,0.6522531379783473,0.05411011297841738,730
365,0.6554561562667744,0.05566760938496581,620
366,0.6659819806115534,0.05691573339270413,210
367,0.6426847193510139,0.055773090697714335,849
368,0.6644563085621865,0.06148854054467266,255
369,0.6604701022701899,0.05921512817097059,403
370,0.6372696003406726,0.056522227671290226,961
371,0.6691656457053312,0.05534318829856379,129
372,0.6420838442383158,0.05553748340429077,856
373,0.6657952988330887,0.058197915126294165,216
374,0.6620568552180154,0.06195046113884798,346
375,0.6537664281823781,0.05835384597316512,681
376,0.671166726264024,0.05748437806495629,93
377,0.6590079554937186,0.05504963562320006,460
378,0.6365584334195497,0.056302352980616796,973
379,0.6611254244410055,0.05725841883065709,381
380,0.6630930884142475,0.054963594836057096,295
381,0.6387903403608284,0.05872266865517996,938
382,0.6655215836550102,0.05448624873927586,226
383,0.667512363305304,0.05445950021898956,172
384,0.6760266914896482,0.056938302742439016,29
385,0.6634261662000549,0.05714887455052434,281
386,0.6545961232220775,0.05282216809775964,649
387,0.6513229089396178,0.056840727828997364,752
388,0.6768838442049797,0.05561516753314717,15
389,0.64379460662883,0.053452767366758,836
390,0.6564096712708775,0.056531586414230534,586
391,0.6623441565232333,0.05888227246594508,332
392,0.6551437848090113,0.05684967245869477,633
393,0.6577774275850078,0.05499666754697375,521
394,0.6691994401681326,0.05706990076814082,126
395,0.6615614681898278,0.05557533722548843,366
396,0.6389288740581863,0.054015607333510504,933
397,0.6631529607961444,0.057927902185624956,292
398,0.6629965295119062,0.056652051101814246,301
399,0.6366642616127869,0.058038461955628284,972
400,0.6637740188938998,0.05616564305507075,275
401,0.639616067125084,0.060174813588959424,916
402,0.6608138388402862,0.057414550339353526,392
403,0.6623486440620343,0.0585933677390104,330
404,0.6534582904230106,0.055019519734312274,692
405,0.6585355473309542,0.05478102443181958,483
406,0.6437690839283872,0.05977074957928842,838
407,0.6658388370564066,0.05328628618019819,214
408,0.6755877683192649,0.05629487997477301,35
409,0.641298156767993,0.055746415997192295,869
410,0.664022678017711,0.05897704135640089,269
411,0.6591550404602852,0.05531589264444303,446
412,0.6378868490348892,0.057993180565734395,952
413,0.6628337503796655,0.0612180696415914,308
414,0.6725654386448063,0.05935783081334198,67
415,0.6682916916754148,0.0559775998777102,152
416,0.6642210008751995,0.056467992367450294,263
417,0.6702032006359151,0.054811419323275254,107
418,0.663190925756254,0.057703587343569125,290
419,0.6517909953719341,0.05572558155505719,737
420,0.6693432926253429,0.057483752234974476,119
421,0.6718297818123644,0.05685170335594626,78
422,0.6384208220929853,0.05475088490819084,942
423,0.6568081971260723,0.056057978234058115,572
424,0.6629035923991802,0.05641006139719837,307
425,0.6714184195513825,0.0562072441704484,87
426,0.653596271279057,0.05626696946199776,688
427,0.6762800320725215,0.06070767809874945,26
428,0.6635481525614945,0.054233841292828565,279
429,0.6525516573062144,0.05464062220215639,721
430,0.6774899648183361,0.05971079676950222,12
431,0.6400929994237026,0.0587079662800069,900
432,0.6653145112462119,0.05846956126325604,235
433,0.6569878463684188,0.05501244687028724,560
434,0.6726227880746265,0.058763010863617356,65
435,0.6401012404792829,0.05685734736600259,899
436,0.6481801483460434,0.05602699083255517,808
437,0.6638785581320404,0.056533061657183865,271
438,0.6651343365167065,0.05774625860591561,240
439,0.6711198780989912,0.06219292977997077,94
440,0.6413500133836003,0.0580472114651752,867
441,0.6687955347923983,0.057136252445378385,141
442,0.6358383952430526,0.05833807303493518,982
443,0.6400350680029581,0.0547397418418853,905
444,0.6701164620654331,0.05612579098233162,108
445,0.6753415252541599,0.0639714434032509,37
446,0.6558085921715666,0.056697477555006,606
447,0.6657296156754469,0.05794030811346529,217
448,0.6767413851843744,0.055872957307818945,17
449,0.6569761799122292,0.05724402240349991,562
450,0.6584917500777158,0.05826897944094936,485
451,0.6689031490750206,0.05575124106439638,137
452,0.6590634412157118,0.05629956657710404,454
453,0.6525130451274355,0.05334071519873144,723
454,0.6502248725238938,0.05694463860653611,778
455,0.6441992563568185,0.06209273549159385,832
456,0.6574269483494084,0.05649408752745825,545
457,0.6498721273518346,0.05387906012099101,783
458,0.6335891559844445,0.0544313953385049,996
459,0.6568554973211503,0.054313210670901335,569
460,0.6437890788101689,0.0557823625981635,837
461,0.6616801756185473,0.054891422906765235,363
462,0.6581686862124846,0.05900710566642503,500
463,0.6645816496863414,0.060175470284234804,251
464,0.6714886275360534,0.059244203435432505,86
465,0.6780609718062084,0.057022902697742295,9
466,0.6656559788411053,0.059739502135383926,223
467,0.6582873858616262,0.05864095840752644,497
468,0.6606014778239061,0.055376753274339365,400
469,0.6549139655203007,0.05310502283087517,639
470,0.6577404501602306,0.05610152108709588,525
471,0.65984635555733,0.055389071174389556,424
472,0.6627614533612919,0.059860616559063475,310
473,0.6568908047004994,0.056768546494719276,566
474,0.6453958402430837,0.05750884598125954,825
475,0.6527065580901941,0.05343429190630842,717
476,0.6541497318036604,0.053778302810545915,666
477,0.6725100696020683,0.05876787468759107,71
478,0.6396256388592945,0.05475941113245532,914
479,0.6610114127499372,0.05577366351293154,384
480,0.6459859856560642,0.05757524098334511,823
481,0.6712356021055378,0.057815627184840415,91
482,0.6715306152591051,0.05696029599487016,84
483,0.654686100033097,0.06401452188440494,646
484,0.6444805998656352,0.05614175220780766,829
485,0.6575503349029265,0.05501124582018459,539
486,0.6433710049552853,0.05581696539358766,843
487,0.6621787274082632,0.05701718509327268,341
488,0.659534378377998,0.06026029824784356,435
489,0.6392807132649232,0.055378942703661393,926
490,0.6573635666311693,0.05542274810332462,546
491,0.659929568575372,0.054962412485019436,419
492,0.6563987234387667,0.05417553862546766,587
493,0.6474666362153401,0.05847745845138684,812
494,0.6669631771214618,0.05628372422567962,184
495,0.662348336806671,0.05749960576155089,331
496,0.6536442243474013,0.05536522489287992,685
497,0.640287847792544,0.0548744364176405,891
498,0.6697741717031969,0.05861572982025035,112
499,0.6576370465829416,0.054519339971667316,531
500,0.6429623140952913,0.05618116440319255,848
501,0.6725712636570037,0.05710945980215453,66
502,0.6678190915214499,0.06069249533436221,164
503,0.6407626987466729,0.053572615411188164,878
504,0.6767205950289755,0.06065828766842156,18
505,0.640711906757105,0.054790026593712814,880
506,0.6609165053714544,0.060956684469060766,389
507,0.6571816231285571,0.05687541449788096,550
508,0.6641358437541817,0.059957694054740183,264
509,0.6533254781335869,0.05390290180903555,699
510,0.643082895396816,0.05887792543484133,846
511,0.6462673208655836,0.05580299359382028,821
512,0.639530463086173,0.05944276489569679,918
513,0.6694542534614142,0.057840575911340175,114
514,0.6425350200051584,0.055038852119804915,852
515,0.6508303303833495,0.05493730750547579,768
516,0.651412251537544,0.05600362471931854,749
517,0.6617731757824385,0.05771432362161585,355
518,0.6619576873192206,0.056602889743598055,350
519,0.6561872618137307,0.05487816746008382,596
520,0.640129609605057,0.059237545405909836,898
521,0.6400836789377777,0.061122163437708286,901
522,0.6606151236333521,0.05508597816955963,399
523,0.6737915109930631,0.060013860900215335,51
524,0.6656950621928966,0.055042347427798954,221
525,0.6516401939087652,0.057916769628531706,742
526,0.6648607564210632,0.05213676100600446,247
527,0.638779149141425,0.05823353384334163,939
528,0.6524404688761618,0.057658333600826554,726
529,0.634537549996728,0.05738032653067243,989
530,0.6592835995411294,0.05504380195561672,442
531,0.6597636156310565,0.057542412754372184,428
532,0.6576056311403812,0.059462819379735174,534
533,0.6527542274180711,0.05505466790358851,714
534,0.6524575629714736,0.057977784642182936,725
535,0.6736272285234675,0.05788177662887815,54
536,0.638848733861909,0.05472765254191708,936
537,0.6703121103634315,0.05698303315140131,104
538,0.6624484668695526,0.05451919179498628,324
539,0.6339517813892979,0.05290306148750654,994
540,0.6670925398658959,0.05554145432189928,180
541,0.6638120156779839,0.06034918378629892,274
542,0.6657200244743882,0.0591349855887144,218
543,0.6372015989760422,0.056892543260877435,963
544,0.6404753693859021,0.056260024763556744,887
545,0.6501820811773773,0.05725361618580748,779
546,0.6759184700823481,0.059861246751390346,30
547,0.6347720520240541,0.062395285824493114,988
548,0.6541156851334803,0.05651933928507086,670
549,0.6631983056878376,0.05407977236640838,289
550,0.6724023640987349,0.05447312103287786,73
551,0.6488024635295092,0.05816891758287103,800
552,0.6576066837783745,0.0558461281853173,533
553,0.6700208618273557,0.062182537486534795,109
554,0.6621192158184378,0.06260428394312512,344
555,0.6723376648632611,0.05975465613854617,74
556,0.6617106719528908,0.05677463998173555,360
557,0.6536465919159984,0.06049022107188237,684
558,0.6749391588244847,0.05689653998363527,42
559,0.6350455308103835,0.05924775228857014,985
560,0.6563606783730214,0.05918500484998101,588
561,0.6488459252049131,0.05726086689834427,798
562,0.6589108050779289,0.0594258284345444,465
563,0.6580664735557804,0.05628077106409806,506
564,0.6372128227602958,0.05947990099784039,962
565,0.6408113312824093,0.0572949879796694,876
566,0.6490051084741569,0.05356263298859197,796
567,0.6543086577508395,0.05534096483362555,658
568,0.6508436096331723,0.053916042643698224,767
569,0.6616851160176621,0.0560965535527101,362
570,0.6811150229633861,0.05741572920515673,2
571,0.6355423799030075,0.055013176781125724,984
572,0.6583220477620769,0.05222806589169687,496
573,0.6607227963477316,0.057293086721729856,397
574,0.6607078835784869,0.055053888368559956,398
575,0.6777000958191334,0.05833837842432065,11
576,0.6545015927331249,0.054704645795558976,653
577,0.657523500688256,0.054804169011158144,541
578,0.663080474553983,0.061771696920003394,298
579,0.6413845405974266,0.057905107484798636,866
580,0.6451058112359485,0.05678796601770964,826
581,0.6683495214016267,0.05453578146566359,151
582,0.6672488729722421,0.05565344316347246,177
583,0.6691722022079192,0.055693968066890275,128
584,0.6731872590432887,0.055785873940915,61
585,0.6570987472357082,0.053841807392423634,554
586,0.6581316421844263,0.054978955298685676,503
587,0.6662585737208098,0.057518747588927374,200
588,0.6579370883846003,0.056491836686576015,514
589,0.6708714731774086,0.05887992859004846,97
590,0.6655314449915459,0.05979090494172726,225
591,0.6697898103526563,0.05886782714174212,111
592,0.6754102635233943,0.05630491804422765,36
593,0.6512847763699626,0.058597588051161345,754
594,0.6615731304111488,0.05361177767856745,365
595,0.6633608293351414,0.05568659712455324,284
596,0.658133857251778,0.05273998804516675,502
597,0.6541520765020284,0.053057782748728126,665
598,0.6753283028909857,0.059969014337838626,38
599,0.6604549380152571,0.05823215028107912,404
600,0.6562169444474466,0.06072577895578136,594
601,0.6389926541835771,0.056040296661650287,932
602,0.6642686936228597,0.05853757608485276,262
603,0.6735821867571354,0.05951808074340516,56
604,0.6684172634078948,0.056205685461053055,149
605,0.639087626551764,0.057125099653899905,930
606,0.637135243651574,0.05592422990988701,966
607,0.6686875092709544,0.056713864544507255,145
608,0.6553118162317759,0.05986762181235163,626
609,0.6379925870493603,0.05314417769146622,950
610,0.654567187649842,0.0563761972471677,651
611,0.6649890467896569,0.054742448359534596,242
612,0.6371035925879004,0.05770704344259275,969
613,0.6585338483679368,0.0602226386205391,484
614,0.6443064203536712,0.0556424704259959,831
615,0.6514367094276926,0.055448524171748906,747
616,0.6623520156735242,0.055918077863150395,329
617,0.6621854862078904,0.05579046211314974,339
618,0.6392691470337967,0.05589126053671691,928
619,0.6768910441451114,0.05601484104859145,14
620,0.6708025504768849,0.05703589477340282,98
621,0.6580158213598267,0.059707022127623834,510
622,0.6483280056414388,0.05705282796520792,806
623,0.6644231250752842,0.0554600387592945,257
624,0.6488628833715433,0.057712927688173925,797
625,0.6661223083954622,0.05860661178458791,204
626,0.6725247869028776,0.056821285458559787,70
627,0.6513971664057782,0.060405543861542885,751
628,0.663218910927457,0.05756059280030462,287
629,0.6665027112900472,0.059376388623539694,194
630,0.6486220040536951,0.05643532654106031,802
631,0.6691629526208778,0.05509516698885631,130
632,0.6692007862875785,0.059006614639819516,125
633,0.6423514749221434,0.060263254313583474,854
634,0.6716916167452608,0.056265295884579604,80
635,0.6704115732137995,0.057366415231664074,101
636,0.6393785568841973,0.05838866396598776,923
637,0.6737871247974848,0.05931108634900843,52
638,0.6565270240144596,0.05715131160274609,581
639,0.6584798155292344,0.05617289717461594,486
640,0.6622040263787202,0.05551487726105569,338
641,0.6620010568738437,0.056959525636139194,349
642,0.6664655405187188,0.05519088154678381,196
643,0.6400426973079848,0.05714364500413095,904
644,0.642155384427313,0.062233815554679696,855
645,0.6564722157992579,0.05949163989917187,583
646,0.6624654920778557,0.05425035481786523,323
647,0.6589836347252535,0.05777271349197035,463
648,0.6484062269293669,0.055903861837142445,804
649,0.6506077993632284,0.0540898741813106,770
650,0.6607360445624113,0.05990429124677677,396
651,0.6419975287470894,0.05333789943941357,857
652,0.6618849121626728,0.05715395040746781,353
653,0.6694382925577174,0.05650505025361122,116
654,0.6529088250509844,0.05443338172054616,711
655,0.6623852957894683,0.058337060698031115,326
656,0.6680824322796769,0.057912472946716836,158
657,0.6703765162710954,0.059390919121570296,102
658,0.6693157392280988,0.06040164140160897,121
659,0.6576098507308581,0.05679014833921014,532
660,0.6556621392275628,0.05548018335397279,613
661,0.6618428701604393,0.05796005545631558,354
662,0.6500609164735742,0.05611950327130973,780
663,0.6609621652768461,0.056215757039853334,385
664,0.672081915813823,0.059344741710621145,76
665,0.6598165955542165,0.059329890765707424,425
666,0.6499938131645692,0.05514257185784973,782
667,0.6702256515705264,0.059722020176276515,106
668,0.6581588735457273,0.05674604629666974,501
669,0.664741634424966,0.05700588677213856,249
670,0.6623685440642011,0.05780737331289495,327
671,0.6717775780981387,0.05718774429460543,79
672,0.6766007013049944,0.05985591282049637,20
673,0.6652365503541019,0.0576856149535166,237
674,0.6388537693666584,0.05477724280521338,935
675,0.6571501491758365,0.05394739091872253,552
676,0.6390235823086818,0.06032814456109947,931
677,0.6580518982127012,0.05879070770424856,507
678,0.6661311587449598,0.05601071499577642,202
679,0.675623507698793,0.06070542515905453,34
680,0.6549313818593713,0.05662650774915035,638
681,0.6688494381310757,0.059182761581899564,139
682,0.657086662910484,0.05841496207854943,555
683,0.6672177916731741,0.05848053348511699,178
684,0.6382652586323269,0.05965521941056588,944
685,0.6375820149076629,0.05748850554376271,955
686,0.6445145716849514,0.053727007914508546,828
687,0.6425673363033595,0.0565857965310203,851
688,0.6621518172244752,0.05861979232669693,342
689,0.6564122797542509,0.05731805890470297,585
690,0.6407222402686041,0.054350420803189,879
691,0.6580261176976522,0.05564932328465765,509
692,0.6387924824253559,0.05384555888340791,937
693,0.6749372075291233,0.06354989253811556,43
694,0.6570850418025884,0.056412597198907996,556
695,0.669289870256108,0.058834031803512446,122
696,0.6586241216982368,0.05796628807198175,481
697,0.6579636229683739,0.057822034904884925,511
698,0.6763025981902545,0.06316654298571389,25
699,0.6407109435030343,0.057299443624410376,881
700,0.651398136316354,0.058865419975417874,750
701,0.6360479698883469,0.05625869703354939,979
702,0.6602945739499448,0.05825012205166556,409
703,0.6575241579699842,0.054432506923219784,540
704,0.6675779198700278,0.05546167553234343,168
705,0.6618870137961088,0.05596011439754247,352
706,0.6752703712057673,0.05889056133270734,39
707,0.6602034478262401,0.05438040024672319,414
708,0.6393566068389402,0.058581204461944876,924
709,0.6554340477121837,0.054093023122366614,623
710,0.660393633785011,0.05395275662347054,406
711,0.6584210806345959,0.05449787371243465,491
712,0.6363977913089486,0.05965542182829506,978
713,0.6547272547812517,0.05672784381045694,642
714,0.6659066696309245,0.05807451944070904,212
715,0.6478869401627655,0.0549173532949263,810
716,0.6694386211968435,0.05842196391620931,115
717,0.6562609223669318,0.05762417835084614,591
718,0.652175050708521,0.054941230223403234,731
719,0.6518341751447845,0.05746284499075809,736
720,0.6491929585834177,0.054781653890529115,793
721,0.659565661993156,0.060059765468915505,433
722,0.6676060526309534,0.056122357695498344,167
723,0.6748639602343246,0.05893373208209778,45
724,0.6591528783719381,0.05583928873675614,447
725,0.6512206167316421,0.05425512719578009,759
726,0.6546786937627739,0.05980438335827884,647
727,0.6687225235878,0.05488632644980401,144
728,0.6576413454420722,0.05697424095595811,530
729,0.6631901411697703,0.058399253666297335,291
730,0.6544589582405475,0.05678527845866534,654
731,0.6437579365127881,0.05466236970300769,839
732,0.6515212783540006,0.05790379357392214,744
733,0.6587431813021952,0.059601843909691886,475
734,0.6666297182243093,0.058633752871121936,191
735,0.6734905011405659,0.054984553640421235,58
736,0.6537883044453672,0.05949514998995207,680
737,0.6582342979049955,0.05463693474718157,498
738,0.6388818659412521,0.056494369749013215,934
739,0.662647381770145,0.05981026327559308,315
740,0.6599667362031478,0.055351639073678224,418
741,0.6598724030547308,0.06005011541648405,423
742,0.6583424703379797,0.06037817623338904,494
743,0.6438114081515741,0.058946401364787696,835
744,0.6547956863658692,0.05737527664410061,641
745,0.6594955367681267,0.05639315321529999,438
746,0.6698881580244478,0.05977732686917947,110
747,0.665160044894096,0.05519333332622258,239
748,0.6750503611307537,0.058202888679435794,41
749,0.6664683766101868,0.05557886484254924,195
750,0.6626175242081453,0.055776810038492344,317
751,0.659666358885189,0.05752697144775349,431
752,0.6517086918695172,0.05615308712193636,741
753,0.6671916144182346,0.05489111555816035,179
754,0.6666468655088944,0.05453333931772437,190
755,0.6655771948685956,0.058992107983147066,224
756,0.6575927199094633,0.05495907101864738,535
757,0.6493515611744747,0.057444176661616886,792
758,0.6536433791406818,0.05405069458616611,686
759,0.6645631141210915,0.060513210587312315,252
760,0.6758426912799513,0.058175929069007974,32
761,0.6400498886304885,0.05822142204966857,903
762,0.6342033368714073,0.0571165911321717,993
763,0.6614374256785858,0.06294477318604513,371
764,0.6660112855910252,0.055647119982278836,209
765,0.6602270216647027,0.05784522283851288,413
766,0.6404847926179226,0.06037875202784202,886
767,0.6682094378093502,0.055179144533679954,155
768,0.6570496004390329,0.05535247808868206,558
769,0.6526490552640932,0.05764120954130679,720
770,0.6589037711467023,0.060815013554625735,467
771,0.6740958993862255,0.05512303775052561,50
772,0.6562353991968684,0.05608887721854349,592
773,0.6642817737497456,0.05794097796800648,261
774,0.6393165800149607,0.05833832347646863,925
775,0.6625239425555897,0.05760767407641071,320
776,0.6575560624259615,0.055138737500304125,537
777,0.6532642881507242,0.05536313258390627,702
778,0.6609358376129716,0.05719405722774967,388
779,0.6690622611913879,0.05534571027878285,133
780,0.6734720945639034,0.05827290062613776,59
781,0.6535415357447572,0.05551447878416643,690
782,0.6551668884310697,0.0578379808139766,632
783,0.6831993818915312,0.059371982996723915,1
784,0.6476117137307442,0.05279859026905865,811
785,0.6579021789032262,0.05526365934361554,515
786,0.6590249934547585,0.05538060853385938,457
787,0.6569125880114386,0.05583767735208821,565
788,0.6610346910885423,0.05890042727350589,383
789,0.6636080171129564,0.05441692693173421,278
790,0.6515600514251567,0.05414823241684438,743
791,0.6517512646140788,0.05842450727296008,738
792,0.6663128835344289,0.056741478948677954,198
793,0.6496976829010169,0.0547066866312625,787
794,0.6379793741489656,0.0536209380093383,951
795,0.6676912760284509,0.05778990035514618,165
796,0.6372768147815633,0.05405741957508592,960
797,0.6692811515549529,0.0572927154507695,123
798,0.6482604634087161,0.052750785109295845,807
799,0.6500113863020441,0.061668902651901274,781
800,0.6590004416979106,0.05615015354178104,461
801,0.6542415085089539,0.05388697754310741,660
802,0.6436474396528804,0.05615766877373705,840
803,0.6540742567223927,0.05671309615481737,673
804,0.6559123450596696,0.05712150067884538,603
805,0.666532195079878,0.056930543929924686,193
806,0.6438726891028917,0.06089000936084283,834
807,0.6689596211446686,0.05872390165801801,136
808,0.6654087869495345,0.05655561419978096,231
809,0.6643168250953856,0.057055690151097176,259
810,0.6590137396882689,0.055914925065964086,459
811,0.663468392702521,0.05713199286331681,280
812,0.6343419322836211,0.05682886670380062,992
813,0.6334332092267059,0.05914000806843508,997
814,0.6719701794050149,0.05700490502296633,77
815,0.6554560439912192,0.05835052721131655,621
816,0.6381104805972524,0.05699063578309599,947
817,0.6589641783676131,0.057120424502722755,464
818,0.6593469151720466,0.05613769759623603,441
819,0.6584290480173287,0.05712536463062554,490
820,0.6790737776058416,0.05883891483429686,6
821,0.653959792265212,0.05445442064228306,676
822,0.6687491221389896,0.055150256601112016,142
823,0.6615496163886437,0.05641248128851088,367
824,0.6560578037510344,0.058376783827371215,601
825,0.6705726228460905,0.0573112177870484,99
826,0.6559154346121892,0.05618082169069466,602
827,0.6626930148775638,0.05550686662788714,313
828,0.6403627779272419,0.055964520569327464,890
829,0.6527091246611211,0.05387816316412022,716
830,0.6614057696564549,0.05343504964629763,372
831,0.6764427483415134,0.05689870354318356,22
832,0.6505398416190927,0.055893261513081376,773
833,0.6576537377634456,0.06005008887294914,529
834,0.661405365639758,0.05697715491412167,373
835,0.6518449082306909,0.0558908518306844,735
836,0.66751956326485,0.05943014315264284,169
837,0.6588260316630055,0.054407092066773424,469
838,0.6715631393024215,0.05724025979889543,81
839,0.6546242884977675,0.05640886535240065,648
840,0.634849667524596,0.05703965491518803,986
841,0.6402218753190053,0.05800236105853283,895
842,0.6383709549124041,0.05459457982546577,943
843,0.6605481911209091,0.05568988000482296,402
844,0.6763961728337827,0.059088985043594666,23
845,0.6494470245102483,0.054893885243384545,791
846,0.6630917593034499,0.05499209020460756,296
847,0.6578438794927856,0.058590638400466716,517
848,0.6508562625153312,0.06161422265199906,765
849,0.6622113023176186,0.052434083481900345,337
850,0.6565739151605495,0.05695178420887073,580
851,0.667513305990875,0.05651759033386038,171
852,0.6693850544792853,0.05896369549412372,118
853,0.6562309471064871,0.05869753950484322,593
854,0.6531639732203303,0.05371903723873287,705
855,0.6538279830063235,0.05838831447027361,677
856,0.6674884998693238,0.058959872329265584,174
857,0.6623593151914815,0.054247448860562736,328
858,0.656987096645162,0.05782541377192028,561
859,0.6546962767742032,0.05523958769790137,644
860,0.6394470968781516,0.05662986366489266,921
861,0.6401447152934138,0.0587329221791,897
862,0.6629240957339756,0.05581207356651666,306
863,0.6656961546401392,0.05768285828200782,220
864,0.6693420567185322,0.056825142575428395,120
865,0.6555102633958844,0.0554134967547544,618
866,0.6668448682130922,0.06027521834261177,188
867,0.6552866521365175,0.057084890495711464,628
868,0.65150388181685,0.05914741099437998,745
869,0.6413316417521072,0.05785652965295865,868
870,0.6473595263591038,0.05804764429231946,816
871,0.6496916055729354,0.05474599477885123,788
872,0.6404221843598628,0.05856927164864552,889
873,0.6653302805471322,0.061974114877787055,233
874,0.6579482185787255,0.05709631537804264,513
875,0.6536102949243127,0.05394001805901853,687
876,0.6405656868440484,0.05621509772215421,884
877,0.6514830400355638,0.053898747725599265,746
878,0.6541474070682227,0.055295875904181196,667
879,0.6768931939037579,0.055530674578856694,13
880,0.6486156331522889,0.055570946675922515,803
881,0.6345158149374254,0.05344188691041397,990
882,0.6557437091656204,0.05648050951951241,610
883,0.6630895196977715,0.055361259287260094,297
884,0.6551331071560834,0.059482740796948555,634
885,0.6532885730296389,0.05777896757819281,700
886,0.6627204134705879,0.05522457359381204,311
887,0.6715519784829052,0.06070269503325499,82
888,0.653325651667121,0.055494204238436054,697
889,0.6532708283786836,0.055806016490683334,701
890,0.6594910192643656,0.05884171563675261,439
891,0.6704849592203117,0.05672870991894573,100
892,0.666546536408833,0.05663086851674337,192
893,0.6570434885521683,0.058942455307709356,559
894,0.6799064099360401,0.05785199802267477,5
895,0.6715490350375058,0.05826977230119134,83
896,0.6590227940958736,0.05951425373260576,458
897,0.6649732918357121,0.061768160794891544,243
898,0.6529513544006551,0.0550494059453398,709
899,0.6433435938328668,0.05490590182677686,844
900,0.6713952986930529,0.05858394928751216,88
901,0.6612400870997157,0.06087120150145071,376
902,0.6521605189646571,0.05488891517952437,732
903,0.6589098486706483,0.05737028244862928,466
904,0.6676754057053051,0.058064705081590964,166
905,0.6780533279320798,0.059245486430892356,10
906,0.6736216681417294,0.057037759418980885,55
907,0.6512813587579425,0.05688242618667987,755
908,0.6419593336556757,0.05799773361374328,859
909,0.6490150076870088,0.05863737541475289,795
910,0.6396231980096588,0.05495528023601653,915
911,0.6540191612245938,0.05681402852708916,674
912,0.6513093490067778,0.0568435972680451,753
913,0.6713813923355465,0.059001478095937525,89
914,0.6623943729222862,0.055355639793231166,325
915,0.6787013201338324,0.05948845456060025,7
916,0.6517389941132948,0.05774302613780219,739
917,0.6561657395633511,0.05668191426135799,597
918,0.6399640223262447,0.05662239155148707,907
919,0.6497492800431752,0.05833449077110099,785
920,0.6519835665280932,0.05676076181858279,734
921,0.6400588449744541,0.06055536851699898,902
922,0.655282631767,0.05597968015304884,629
923,0.6595295138266927,0.05863518985003807,436
924,0.6703610848209829,0.05817606281017348,103
925,0.6590410394081794,0.05645238750909435,456
926,0.6374048693100804,0.055615126794940274,959
927,0.65577630189475,0.059331325328675286,607
928,0.6504448057457229,0.06283929869104375,774
929,0.6459517993143216,0.05722892048955317,824
930,0.6511950040516764,0.05982023460188412,760
931,0.6633783947863927,0.055980044148980904,283
932,0.6586702790731931,0.05707747834585715,478
933,0.6368509351154396,0.05545417508945438,971
934,0.6688434158483407,0.05949057836515453,140
935,0.6554604748114831,0.05444418254129734,619
936,0.6741634403128957,0.05816607333748838,48
937,0.665435672672394,0.06010211612105433,230
938,0.673506262458974,0.05714087462692063,57
939,0.6608376808801799,0.05480317314147469,391
940,0.6525370215269446,0.05375039781679495,722
941,0.6702478321260733,0.05887283356183919,105
942,0.6670283481062478,0.05995150254704669,181
943,0.6679422659718104,0.057343266258347805,161
944,0.655881573975187,0.05752415702806939,604
945,0.6607437499498645,0.058158522723757274,395
946,0.6598737261359676,0.05374120372622635,421
947,0.6588050647847704,0.0555772749477198,473
948,0.6531177553117843,0.05613243883441815,706
949,0.6474260955653912,0.05074113142016137,813
950,0.6806634769117129,0.06244376257287426,4
951,0.6552748202061243,0.05876376168861152,630
952,0.6577979681409996,0.05555070463694232,519
953,0.6397403426900891,0.059963771657039325,912
954,0.6597176478095009,0.054686429251041564,430
955,0.6556015933578585,0.056297851924063516,615
956,0.6648880771551198,0.056888522985503995,244
957,0.6638165756818559,0.0601774287398847,273
958,0.668474808391354,0.058910304231913485,148
959,0.6512701203879717,0.05624028919328408,758
960,0.6743333645128446,0.06124880537996455,46
961,0.637117288967142,0.05743857643290995,968
962,0.6623117721583567,0.05943043309800126,334
963,0.6360408936913369,0.058343552755989715,980
964,0.6528655533589075,0.05738806600741361,712
965,0.6374899882442085,0.05427793573171625,957
966,0.659249406474367,0.05340740623921902,443
967,0.6647675129249297,0.056656902531885066,248
968,0.6636514729874095,0.05548509053021371,276
969,0.6690361358436573,0.05560597660572584,134
970,0.6669677720513648,0.056895848524309726,183
971,0.6407935817815745,0.054128967008035246,877
972,0.6336748345488431,0.05506584654616145,995
973,0.6418864578002266,0.053387982159081436,861
974,0.659067041493861,0.05277057250743003,452
975,0.6808784376320571,0.06005843266074808,3
976,0.6596378247367075,0.05785377063573649,432
977,0.6406234795523379,0.053898308402864026,883
978,0.6545398433003826,0.055726657946903894,652
979,0.6541794890390775,0.06009847734324093,664
980,0.6392742505950987,0.05652179075991984,927
981,0.6402687709806676,0.05461411293619063,893
982,0.6529491049974095,0.05503549996751442,710
983,0.6680434432218617,0.05867854192413174,159
984,0.6760895752459639,0.059855222387238005,28
985,0.6510205484165881,0.054528210737280675,761
986,0.6419306172583521,0.05508964393166465,860
987,0.6583861830583421,0.057091609858036324,493
988,0.639420505830351,0.05853335687918851,922
989,0.674896141795715,0.05946526639987064,44
990,0.6617394567432392,0.05874865940391569,358
991,0.6509299640199301,0.05807718283659593,763
992,0.6432323305796003,0.059791615802863116,845
993,0.6471986233261892,0.05396206388758401,817
994,0.6586593031723459,0.0540863037514538,480
995,0.6498409564031162,0.058530169123840174,784
996,0.6577862519703735,0.060053622263262815,520
997,0.6535359832921985,0.055346250102472246,691
998,0.6649944809404517,0.05922295334700352,241
999,0.6603936108132779,0.06064413265488368,407
